seed,budget,naive_sla_breaches,greedy2opt_sla_breaches,cpsat_sla_breaches,naive_overtime_hours,greedy2opt_overtime_hours,cpsat_overtime_hours,greedy2opt_objective,cpsat_objective,cpsat_status,cpsat_solve_seconds
1000,2.0,28,19,23,13.7,9.8,12.4,41685,39099,FEASIBLE,2.115
1000,8.0,28,19,24,13.7,9.8,12.6,41685,37393,FEASIBLE,8.262
1000,30.0,28,19,18,13.7,9.8,8.1,41685,47702,FEASIBLE,30.318
1000,60.0,28,19,20,13.7,9.8,9.3,41685,47240,FEASIBLE,60.283
1001,2.0,48,33,48,22.6,14.6,22.6,80941,74853,warm_start_fallback,2.464
1001,8.0,48,33,45,22.6,14.6,22.0,80941,75818,FEASIBLE,8.951
1001,30.0,48,33,33,22.6,14.6,13.9,80941,80713,FEASIBLE,30.712
1001,60.0,48,33,27,22.6,14.6,8.9,80941,83635,FEASIBLE,60.576
1002,2.0,23,14,23,11.2,8.9,11.2,39638,35617,warm_start_fallback,2.521
1002,8.0,23,14,20,11.2,8.9,10.9,39638,37368,FEASIBLE,8.482
1002,30.0,23,14,16,11.2,8.9,5.5,39638,39771,FEASIBLE,30.413
1002,60.0,23,14,12,11.2,8.9,9.4,39638,41315,FEASIBLE,60.428
1003,2.0,25,13,21,11.6,7.9,11.1,38043,33481,FEASIBLE,2.204
1003,8.0,25,13,20,11.6,7.9,5.8,38043,35891,FEASIBLE,8.214
1003,30.0,25,13,15,11.6,7.9,4.5,38043,39529,FEASIBLE,30.29
1003,60.0,25,13,18,11.6,7.9,6.1,38043,40390,FEASIBLE,60.28
1004,2.0,13,11,13,6.0,7.0,6.0,35279,30262,FEASIBLE,2.368
1004,8.0,13,11,9,6.0,7.0,3.8,35279,32757,FEASIBLE,8.283
1004,30.0,13,11,8,6.0,7.0,3.8,35279,36695,FEASIBLE,30.179
1004,60.0,13,11,10,6.0,7.0,4.5,35279,37333,FEASIBLE,60.297
1005,2.0,38,20,38,18.9,14.1,18.3,49243,43215,FEASIBLE,2.282
1005,8.0,38,20,34,18.9,14.1,17.2,49243,44815,FEASIBLE,8.409
1005,30.0,38,20,20,18.9,14.1,10.1,49243,49230,FEASIBLE,30.403
1005,60.0,38,20,13,18.9,14.1,8.4,49243,51712,FEASIBLE,60.478
1006,2.0,22,15,21,7.6,4.3,7.8,40191,37135,FEASIBLE,2.317
1006,8.0,22,15,20,7.6,4.3,7.2,40191,37286,FEASIBLE,8.558
1006,30.0,22,15,10,7.6,4.3,2.4,40191,42551,FEASIBLE,30.408
1006,60.0,22,15,8,7.6,4.3,1.3,40191,43279,FEASIBLE,60.733
1007,2.0,36,31,36,17.8,15.2,17.8,48210,42670,FEASIBLE,2.711
1007,8.0,36,31,33,17.8,15.2,17.8,48210,43884,FEASIBLE,8.34
1007,30.0,36,31,23,17.8,15.2,13.4,48210,51537,FEASIBLE,30.303
1007,60.0,36,31,22,17.8,15.2,11.3,48210,52314,FEASIBLE,60.33
1008,2.0,32,23,30,14.6,10.0,14.6,40334,35755,FEASIBLE,2.217
1008,8.0,32,23,24,14.6,10.0,8.5,40334,37522,FEASIBLE,8.465
1008,30.0,32,23,19,14.6,10.0,4.4,40334,39965,FEASIBLE,30.366
1008,60.0,32,23,14,14.6,10.0,8.9,40334,41979,FEASIBLE,60.284
1009,2.0,38,25,34,18.9,13.0,14.4,52132,45811,FEASIBLE,2.196
1009,8.0,38,25,26,18.9,13.0,10.3,52132,48031,FEASIBLE,8.229
1009,30.0,38,25,20,18.9,13.0,7.7,52132,51654,FEASIBLE,30.247
1009,60.0,38,25,17,18.9,13.0,9.6,52132,53749,FEASIBLE,60.286
1010,2.0,27,24,27,9.4,9.1,8.9,55264,52666,FEASIBLE,2.262
1010,8.0,27,24,25,9.4,9.1,9.3,55264,53106,FEASIBLE,8.342
1010,30.0,27,24,21,9.4,9.1,5.8,55264,55439,FEASIBLE,30.5
1010,60.0,27,24,16,9.4,9.1,5.4,55264,56262,FEASIBLE,60.597
1011,2.0,22,17,22,10.6,10.6,10.6,68824,66239,warm_start_fallback,2.423
1011,8.0,22,17,19,10.6,10.6,7.8,68824,67734,FEASIBLE,8.524
1011,30.0,22,17,14,10.6,10.6,9.8,68824,70632,FEASIBLE,30.481
1011,60.0,22,17,13,10.6,10.6,8.2,68824,70900,FEASIBLE,63.18
1012,2.0,28,15,28,12.4,8.8,12.4,43455,38388,warm_start_fallback,2.445
1012,8.0,28,15,27,12.4,8.8,12.0,43455,38739,FEASIBLE,9.524
1012,30.0,28,15,16,12.4,8.8,8.3,43455,43310,FEASIBLE,34.549
1012,60.0,28,15,11,12.4,8.8,4.8,43455,44933,FEASIBLE,60.387
1013,2.0,24,14,24,4.0,3.7,4.0,60733,58095,warm_start_fallback,2.404
1013,8.0,24,14,21,4.0,3.7,4.1,60733,58832,FEASIBLE,8.357
1013,30.0,24,14,11,4.0,3.7,1.2,60733,61736,FEASIBLE,30.404
1013,60.0,24,14,7,4.0,3.7,0.0,60733,63141,FEASIBLE,60.536
1014,2.0,23,12,23,7.8,4.5,7.8,58800,55296,warm_start_fallback,2.402
1014,8.0,23,12,14,7.8,4.5,1.5,58800,58608,FEASIBLE,8.468
1014,30.0,23,12,9,7.8,4.5,0.2,58800,60058,FEASIBLE,34.164
1014,60.0,23,12,8,7.8,4.5,1.1,58800,60314,FEASIBLE,64.388
1015,2.0,19,16,15,10.9,7.8,8.5,34474,31146,FEASIBLE,2.421
1015,8.0,19,16,14,10.9,7.8,4.9,34474,32505,FEASIBLE,8.186
1015,30.0,19,16,14,10.9,7.8,7.5,34474,34991,FEASIBLE,30.346
1015,60.0,19,16,10,10.9,7.8,3.4,34474,35357,FEASIBLE,60.273
1016,2.0,32,17,32,13.1,9.4,13.1,49927,44192,warm_start_fallback,2.47
1016,8.0,32,17,24,13.1,9.4,7.4,49927,47576,FEASIBLE,8.386
1016,30.0,32,17,12,13.1,9.4,2.1,49927,51267,FEASIBLE,30.403
1016,60.0,32,17,11,13.1,9.4,1.8,49927,51889,FEASIBLE,60.454
1017,2.0,42,20,42,10.3,7.0,10.3,65977,59703,warm_start_fallback,2.446
1017,8.0,42,20,34,10.3,7.0,9.9,65977,61763,FEASIBLE,8.548
1017,30.0,42,20,27,10.3,7.0,7.6,65977,64087,FEASIBLE,30.52
1017,60.0,42,20,16,10.3,7.0,3.3,65977,67475,FEASIBLE,60.729
1018,2.0,26,19,22,14.0,12.9,13.2,41506,37748,FEASIBLE,2.311
1018,8.0,26,19,20,14.0,12.9,12.4,41506,40397,FEASIBLE,8.28
1018,30.0,26,19,13,14.0,12.9,4.1,41506,42826,FEASIBLE,30.307
1018,60.0,26,19,13,14.0,12.9,6.8,41506,44168,FEASIBLE,60.47
1019,2.0,22,13,22,11.9,9.7,11.9,54948,51773,FEASIBLE,2.44
1019,8.0,22,13,12,11.9,9.7,4.2,54948,56115,FEASIBLE,8.475
1019,30.0,22,13,7,11.9,9.7,4.6,54948,57052,FEASIBLE,30.768
1019,60.0,22,13,7,11.9,9.7,2.5,54948,58100,FEASIBLE,61.028
1020,2.0,29,21,28,18.4,11.0,17.3,56909,52011,FEASIBLE,2.305
1020,8.0,29,21,22,18.4,11.0,13.2,56909,53997,FEASIBLE,8.311
1020,30.0,29,21,18,18.4,11.0,8.9,56909,56262,FEASIBLE,32.553
1020,60.0,29,21,19,18.4,11.0,10.0,56909,55425,FEASIBLE,61.314
1021,2.0,47,30,47,20.7,14.8,20.7,64776,56104,warm_start_fallback,2.355
1021,8.0,47,30,43,20.7,14.8,21.5,64776,58141,FEASIBLE,8.511
1021,30.0,47,30,29,20.7,14.8,13.0,64776,66295,FEASIBLE,30.988
1021,60.0,47,30,28,20.7,14.8,11.5,64776,67806,FEASIBLE,60.779
1022,2.0,42,21,42,14.2,9.3,14.2,89016,82758,warm_start_fallback,2.233
1022,8.0,42,21,42,14.2,9.3,11.8,89016,83162,FEASIBLE,8.935
1022,30.0,42,21,41,14.2,9.3,12.7,89016,83290,FEASIBLE,30.856
1022,60.0,42,21,20,14.2,9.3,5.5,89016,89893,FEASIBLE,62.685
1023,2.0,36,24,35,14.9,11.9,14.9,47124,39033,FEASIBLE,2.266
1023,8.0,36,24,32,14.9,11.9,13.6,47124,40022,FEASIBLE,8.288
1023,30.0,36,24,20,14.9,11.9,6.8,47124,45060,FEASIBLE,30.382
1023,60.0,36,24,21,14.9,11.9,7.2,47124,46119,FEASIBLE,60.383
