seed,n_techs,n_jobs,n_sites,skill_mix,emergency_rate,speed_factor,traffic_penalty,jobs_total,parts_blocked,load_ratio,naive_jobs_completed,naive_sla_breaches,naive_travel_hours,naive_overtime_hours,naive_unassigned,naive_objective,naive_solve_seconds,naive_status,greedy2opt_jobs_completed,greedy2opt_sla_breaches,greedy2opt_travel_hours,greedy2opt_overtime_hours,greedy2opt_unassigned,greedy2opt_objective,greedy2opt_solve_seconds,greedy2opt_status,cpsat_jobs_completed,cpsat_sla_breaches,cpsat_travel_hours,cpsat_overtime_hours,cpsat_unassigned,cpsat_objective,cpsat_solve_seconds,cpsat_status,cpsat_ws2opt_jobs_completed,cpsat_ws2opt_sla_breaches,cpsat_ws2opt_travel_hours,cpsat_ws2opt_overtime_hours,cpsat_ws2opt_unassigned,cpsat_ws2opt_objective,cpsat_ws2opt_solve_seconds,cpsat_ws2opt_status,d_cpsat_vs_naive_sla_breaches,d_cpsat_vs_naive_overtime_hours,d_cpsat_vs_naive_jobs_completed,d_cpsat_vs_naive_travel_hours,d_cpsat_vs_greedy2opt_sla_breaches,d_cpsat_vs_greedy2opt_overtime_hours,d_cpsat_vs_greedy2opt_jobs_completed,d_cpsat_vs_greedy2opt_travel_hours,d_cpsat_ws2opt_vs_naive_sla_breaches,d_cpsat_ws2opt_vs_naive_overtime_hours,d_cpsat_ws2opt_vs_naive_jobs_completed,d_cpsat_ws2opt_vs_naive_travel_hours,d_cpsat_ws2opt_vs_greedy2opt_sla_breaches,d_cpsat_ws2opt_vs_greedy2opt_overtime_hours,d_cpsat_ws2opt_vs_greedy2opt_jobs_completed,d_cpsat_ws2opt_vs_greedy2opt_travel_hours,d_greedy2opt_vs_naive_sla_breaches,d_greedy2opt_vs_naive_overtime_hours,d_greedy2opt_vs_naive_jobs_completed,d_greedy2opt_vs_naive_travel_hours
1000,8,130,34,1.26,0.3,1.99,1.47,130,10,2.051,46,28,37.7,13.7,84,32983,0.001,greedy,51,19,31.7,9.8,79,41685,0.02,greedy_2opt,49,26,35.1,9.8,81,37333,8.451,FEASIBLE,52,18,32.2,9.8,78,42204,9.186,FEASIBLE,-2,-3.9,3,-2.6,7,0.0,-2,3.4,-10,-3.9,6,-5.5,-1,0.0,1,0.5,-9,-3.9,5,-6.0
1001,16,129,43,2.42,0.2,1.89,1.61,129,7,1.047,104,48,49.5,22.6,25,74853,0.006,greedy,105,33,44.6,14.6,24,80941,0.034,greedy_2opt,104,48,48.8,22.6,25,74897,9.56,FEASIBLE,105,33,44.6,14.6,24,80941,11.739,FEASIBLE,0,0.0,0,-0.7,15,8.0,-1,4.2,-15,-8.0,1,-4.9,0,0.0,0,0.0,-15,-8.0,1,-4.9
1002,7,119,43,2.93,0.0,1.0,1.19,119,6,2.117,52,23,16.9,11.2,67,35617,0.001,greedy,54,14,14.3,8.9,65,39638,0.042,greedy_2opt,55,21,16.4,9.8,64,37611,8.542,FEASIBLE,55,14,14.2,8.9,64,39943,10.331,FEASIBLE,-2,-1.4,3,-0.5,7,0.9,1,2.1,-9,-2.3,3,-2.7,0,0.0,1,-0.1,-9,-2.3,2,-2.6
1003,7,94,27,1.01,0.3,1.83,1.21,94,7,1.84,42,25,26.6,11.6,52,31462,0.001,greedy,46,13,23.0,7.9,48,38043,0.011,greedy_2opt,45,21,22.1,8.2,49,35151,8.33,FEASIBLE,46,13,23.1,6.9,48,38218,9.11,FEASIBLE,-4,-3.4,3,-4.5,8,0.3,-1,-0.9,-12,-4.7,4,-3.5,0,-1.0,0,0.1,-12,-3.7,4,-3.6
1004,11,89,20,1.24,0.05,1.55,1.41,89,5,1.052,42,13,23.9,6.0,47,30227,0.001,greedy,48,11,20.3,7.0,41,35279,0.056,greedy_2opt,42,10,21.4,5.4,47,31238,8.643,FEASIBLE,48,11,20.3,7.0,41,35279,8.536,FEASIBLE,-3,-0.6,0,-2.5,-1,-1.6,-6,1.1,-2,1.0,6,-3.6,0,0.0,0,0.0,-2,1.0,6,-3.6
1005,12,98,27,2.26,0.0,1.41,1.51,98,3,1.058,80,38,32.0,18.9,18,43071,0.002,greedy,82,20,28.6,14.1,16,49243,0.03,greedy_2opt,81,32,29.6,16.4,17,45461,8.815,FEASIBLE,82,20,28.6,14.1,16,49243,8.883,FEASIBLE,-6,-2.5,1,-2.4,12,2.3,-1,1.0,-18,-4.8,2,-3.4,0,0.0,0,0.0,-18,-4.8,2,-3.4
1006,15,87,39,1.64,0.0,2.09,1.32,87,5,0.79,62,22,35.4,7.6,25,36904,0.001,greedy,63,15,29.8,4.3,24,40191,0.007,greedy_2opt,62,21,33.8,7.6,25,37246,8.608,FEASIBLE,63,15,29.5,4.3,24,40207,8.575,FEASIBLE,-1,0.0,0,-1.6,6,3.3,-1,4.0,-7,-3.3,1,-5.9,0,0.0,0,-0.3,-7,-3.3,1,-5.6
1007,9,114,25,1.88,0.3,1.69,1.64,114,5,1.839,52,36,35.6,17.8,62,42670,0.001,greedy,57,31,31.6,15.2,57,48210,0.023,greedy_2opt,53,33,35.4,16.4,61,43970,8.44,FEASIBLE,58,30,31.6,15.2,56,49059,8.57,FEASIBLE,-3,-1.4,1,-0.2,2,1.2,-4,3.8,-6,-2.6,6,-4.0,-1,0.0,1,0.0,-5,-2.6,5,-4.0
1008,7,84,35,2.91,0.05,1.28,1.56,84,8,1.427,55,32,20.5,14.6,29,35248,0.001,greedy,58,23,16.9,10.0,26,40334,0.021,greedy_2opt,56,22,16.1,6.4,28,39779,8.297,FEASIBLE,58,19,16.2,8.0,26,41144,8.193,FEASIBLE,-10,-8.2,1,-4.4,-1,-3.6,-2,-0.8,-13,-6.6,3,-4.3,-4,-2.0,0,-0.7,-9,-4.6,3,-3.6
1009,9,143,21,1.59,0.1,1.5,1.5,143,6,2.156,61,38,27.3,18.9,82,43353,0.001,greedy,66,25,23.0,13.0,77,52132,0.023,greedy_2opt,61,19,23.4,7.5,82,48592,8.31,FEASIBLE,66,24,21.3,11.7,77,52418,8.288,FEASIBLE,-19,-11.4,0,-3.9,-6,-5.5,-5,0.4,-14,-7.2,5,-6.0,-1,-1.3,0,-1.7,-13,-5.9,5,-4.3
1010,10,103,23,2.84,0.2,1.56,1.15,103,11,1.348,68,27,28.2,9.4,35,52566,0.001,greedy,72,24,26.5,9.1,31,55264,0.016,greedy_2opt,68,24,26.4,6.6,35,53925,8.29,FEASIBLE,72,24,26.3,9.0,31,55302,8.343,FEASIBLE,-3,-2.8,0,-1.8,0,-2.5,-4,-0.1,-3,-0.4,4,-1.9,0,-0.1,0,-0.2,-3,-0.3,4,-1.7
1011,17,114,41,1.1,0.3,1.6,1.29,114,6,0.923,81,22,32.5,10.6,33,66239,0.001,greedy,83,17,30.3,10.6,31,68824,0.006,greedy_2opt,81,21,33.5,8.6,33,66795,8.55,FEASIBLE,83,17,30.1,10.6,31,68833,8.493,FEASIBLE,-1,-2.0,0,1.0,4,-2.0,-2,3.2,-5,0.0,2,-2.4,0,0.0,0,-0.2,-5,0.0,2,-2.2
1012,9,74,26,2.14,0.1,0.93,1.67,74,3,1.066,62,28,21.2,12.4,12,38388,0.001,greedy,65,15,16.8,8.8,9,43455,0.01,greedy_2opt,63,22,19.1,9.2,11,40901,8.34,FEASIBLE,66,15,16.6,9.7,8,43608,8.282,FEASIBLE,-6,-3.2,1,-2.1,7,0.4,-2,2.3,-13,-2.7,4,-4.6,0,0.9,1,-0.2,-13,-3.6,3,-4.4
1013,18,90,34,3.34,0.1,2.09,1.2,90,4,0.662,86,24,19.6,4.0,4,58095,0.002,greedy,86,14,18.4,3.7,4,60733,0.004,greedy_2opt,86,18,21.1,2.1,4,59849,8.45,FEASIBLE,86,12,22.0,2.1,4,61307,8.476,FEASIBLE,-6,-1.9,0,1.5,4,-1.6,0,2.7,-12,-1.9,0,2.4,-2,-1.6,0,3.6,-10,-0.3,0,-1.2
1014,18,88,20,1.81,0.1,1.54,1.3,88,6,0.654,82,23,29.3,7.8,6,55296,0.001,greedy,82,12,26.4,4.5,6,58800,0.006,greedy_2opt,82,15,31.6,6.1,6,57462,8.518,FEASIBLE,82,12,26.9,3.1,6,59028,8.46,FEASIBLE,-8,-1.7,0,2.3,3,1.6,0,5.2,-11,-4.7,0,-2.4,0,-1.4,0,0.5,-11,-3.3,0,-2.9
1015,7,94,25,1.75,0.05,1.08,1.76,94,7,1.712,41,19,18.1,10.9,53,29094,0.001,greedy,48,16,15.3,7.8,46,34474,0.018,greedy_2opt,48,13,16.2,6.2,46,33667,8.252,FEASIBLE,49,15,15.4,5.3,45,35172,8.329,FEASIBLE,-6,-4.7,7,-1.9,-3,-1.6,0,0.9,-4,-5.6,8,-2.7,-1,-2.5,1,0.1,-3,-3.1,7,-2.8
1016,14,89,37,2.27,0.0,1.65,1.22,89,6,0.798,77,32,30.9,13.1,12,44192,0.002,greedy,80,17,28.8,9.4,9,49927,0.015,greedy_2opt,78,18,30.6,4.6,11,49238,8.666,FEASIBLE,80,16,30.3,7.6,9,50412,8.566,FEASIBLE,-14,-8.5,1,-0.3,1,-4.8,-2,1.8,-16,-5.5,3,-0.6,-1,-1.8,0,1.5,-15,-3.7,3,-2.1
1017,18,113,27,2.33,0.0,1.34,1.49,113,9,0.795,101,42,34.0,10.3,12,59703,0.002,greedy,101,20,31.1,7.0,12,65977,0.009,greedy_2opt,101,38,33.0,9.8,12,60853,8.778,FEASIBLE,101,17,30.6,5.7,12,66684,8.806,FEASIBLE,-4,-0.5,0,-1.0,18,2.8,0,1.9,-25,-4.6,0,-3.4,-3,-1.3,0,-0.5,-22,-3.3,0,-2.9
1018,8,94,27,2.52,0.05,1.37,1.7,94,7,1.536,54,26,30.0,14.0,40,36877,0.001,greedy,58,19,25.3,12.9,36,41506,0.019,greedy_2opt,56,15,26.4,8.5,38,41439,8.362,FEASIBLE,58,16,25.3,12.3,36,42373,8.337,FEASIBLE,-11,-5.5,2,-3.6,-4,-4.4,-2,1.1,-10,-1.7,4,-4.7,-3,-0.6,0,0.0,-7,-1.1,4,-4.7
1019,16,101,25,1.85,0.05,1.28,1.38,101,10,0.761,85,22,29.8,11.9,16,51773,0.001,greedy,86,13,26.1,9.7,15,54948,0.007,greedy_2opt,86,20,29.5,9.4,15,53036,8.525,FEASIBLE,86,13,25.8,9.4,15,55012,8.407,FEASIBLE,-2,-2.5,1,-0.3,7,-0.3,0,3.4,-9,-2.5,1,-4.0,0,-0.3,0,-0.3,-9,-2.2,1,-3.7
1020,9,106,21,1.66,0.3,1.26,1.26,106,9,1.48,63,29,26.0,18.4,43,50871,0.001,greedy,67,21,21.1,11.0,39,56909,0.017,greedy_2opt,63,20,23.4,10.9,43,54032,8.316,FEASIBLE,69,21,19.8,11.0,37,57290,8.319,FEASIBLE,-9,-7.5,0,-2.6,-1,-0.1,-4,2.3,-8,-7.4,6,-6.2,0,0.0,2,-1.3,-8,-7.4,4,-4.9
1021,12,139,26,1.9,0.05,1.49,1.01,139,9,1.417,87,47,32.0,20.7,52,56104,0.002,greedy,93,30,26.1,14.8,46,64776,0.031,greedy_2opt,87,43,31.2,19.7,52,57334,8.426,FEASIBLE,94,30,25.5,14.8,45,64816,8.848,FEASIBLE,-4,-1.0,0,-0.8,13,4.9,-6,5.1,-17,-5.9,7,-6.5,0,0.0,1,-0.6,-17,-5.9,6,-5.9
1022,16,115,34,3.16,0.3,0.92,1.4,115,3,0.899,112,42,17.9,14.2,3,82758,0.002,greedy,112,21,16.1,9.3,3,89016,0.012,greedy_2opt,112,40,17.7,14.7,3,83185,8.731,FEASIBLE,112,20,16.1,8.6,3,89386,8.672,FEASIBLE,-2,0.5,0,-0.2,19,5.4,0,1.6,-22,-5.6,0,-1.8,-1,-0.7,0,0.0,-21,-4.9,0,-1.8
1023,9,117,24,2.46,0.0,1.5,1.42,117,8,1.715,60,36,29.9,14.9,57,38721,0.001,greedy,67,24,23.9,11.9,50,47124,0.036,greedy_2opt,61,31,25.9,10.9,56,40940,8.525,FEASIBLE,68,23,23.8,11.8,49,47398,8.387,FEASIBLE,-5,-4.0,1,-4.0,7,-1.0,-6,2.0,-13,-3.1,8,-6.1,-1,-0.1,1,-0.1,-12,-3.0,7,-6.0
1024,8,107,26,1.35,0.3,1.93,1.19,107,4,1.828,46,23,29.8,11.0,61,42091,0.001,greedy,54,18,24.5,11.6,53,49236,0.009,greedy_2opt,52,18,25.1,9.6,55,47778,8.211,FEASIBLE,55,15,24.9,9.7,52,50606,8.207,FEASIBLE,-5,-1.4,6,-4.7,0,-2.0,-2,0.6,-8,-1.3,9,-4.9,-3,-1.9,1,0.4,-5,0.6,8,-5.3
1025,13,132,22,1.2,0.3,2.11,1.16,132,9,1.363,80,40,47.0,17.5,52,59321,0.001,greedy,84,22,39.6,11.3,48,68687,0.013,greedy_2opt,80,30,40.9,11.3,52,63611,8.41,FEASIBLE,84,22,39.6,11.3,48,68687,8.446,FEASIBLE,-10,-6.2,0,-6.1,8,0.0,-4,1.3,-18,-6.2,4,-7.4,0,0.0,0,0.0,-18,-6.2,4,-7.4
1026,15,125,44,1.52,0.2,2.1,1.27,125,8,1.093,90,46,47.7,19.8,35,62179,0.002,greedy,94,30,40.0,13.6,31,70157,0.023,greedy_2opt,90,33,40.5,11.6,35,67043,8.412,FEASIBLE,94,30,40.0,13.6,31,70157,8.411,FEASIBLE,-13,-8.2,0,-7.2,3,-2.0,-4,0.5,-16,-6.2,4,-7.7,0,0.0,0,0.0,-16,-6.2,4,-7.7
1027,11,134,33,2.22,0.1,1.68,1.3,134,10,1.51,75,33,36.4,15.0,59,58559,0.002,greedy,83,25,30.4,13.3,51,65729,0.029,greedy_2opt,77,30,32.0,10.7,57,61260,8.416,FEASIBLE,83,24,29.6,12.0,51,66272,8.504,FEASIBLE,-3,-4.3,2,-4.4,5,-2.6,-6,1.6,-9,-3.0,8,-6.8,-1,-1.3,0,-0.8,-8,-1.7,8,-6.0
1028,10,91,43,1.42,0.1,1.16,1.58,91,9,1.241,58,29,26.1,17.2,33,37890,0.001,greedy,61,17,23.5,13.2,30,43553,0.029,greedy_2opt,61,18,25.8,10.6,30,42744,8.379,FEASIBLE,64,13,24.5,8.6,27,46230,8.342,FEASIBLE,-11,-6.6,3,-0.3,1,-2.6,0,2.3,-16,-8.6,6,-1.6,-4,-4.6,3,1.0,-12,-4.0,3,-2.6
1029,11,115,43,2.73,0.0,0.95,1.24,115,1,1.342,89,46,20.3,25.1,26,52671,0.002,greedy,91,29,19.1,19.3,24,58922,0.027,greedy_2opt,89,44,20.1,21.7,26,53787,8.466,FEASIBLE,91,28,19.2,19.4,24,59160,8.413,FEASIBLE,-2,-3.4,0,-0.2,15,2.4,-2,1.0,-18,-5.7,2,-1.1,-1,0.1,0,0.1,-17,-5.8,2,-1.2
1030,9,147,42,1.2,0.3,0.86,1.01,147,11,2.199,66,49,14.6,13.2,81,56204,0.002,greedy,70,25,11.9,12.7,77,65450,0.03,greedy_2opt,71,31,12.1,12.7,76,63647,8.289,FEASIBLE,75,25,11.7,12.5,72,68495,8.269,FEASIBLE,-18,-0.5,5,-2.5,6,0.0,1,0.2,-24,-0.7,9,-2.9,0,-0.2,5,-0.2,-24,-0.5,4,-2.7
1031,11,142,41,2.62,0.1,1.4,1.52,142,6,1.612,78,47,32.7,20.8,64,58748,0.002,greedy,82,28,29.5,17.7,60,66344,0.058,greedy_2opt,79,45,31.9,19.3,63,59562,8.414,FEASIBLE,82,26,28.5,15.9,60,67234,8.542,FEASIBLE,-2,-1.5,1,-0.8,17,1.6,-3,2.4,-21,-4.9,4,-4.2,-2,-1.8,0,-1.0,-19,-3.1,4,-3.2
1032,11,127,42,3.38,0.0,1.68,1.61,127,4,1.511,80,45,32.0,22.6,47,54455,0.002,greedy,83,28,28.4,18.9,44,61393,0.071,greedy_2opt,81,39,29.7,18.9,46,57055,8.547,FEASIBLE,83,28,28.4,18.9,44,61393,8.411,FEASIBLE,-6,-3.7,1,-2.3,11,0.0,-2,1.3,-17,-3.7,3,-3.6,0,0.0,0,0.0,-17,-3.7,3,-3.6
1033,10,88,20,2.69,0.3,1.74,1.53,88,1,1.202,58,30,34.0,14.7,30,48420,0.001,greedy,66,22,28.7,13.1,22,54921,0.014,greedy_2opt,62,22,31.1,12.2,26,52840,8.602,FEASIBLE,67,22,28.4,11.0,21,55919,8.467,FEASIBLE,-8,-2.5,4,-2.9,0,-0.9,-4,2.4,-8,-3.7,9,-5.6,0,-2.1,1,-0.3,-8,-1.6,8,-5.3
1034,15,143,38,2.96,0.2,0.93,1.56,143,5,1.179,120,60,28.4,29.6,23,81479,0.003,greedy,122,37,24.8,22.5,21,89304,0.04,greedy_2opt,121,55,26.6,26.5,22,83380,8.902,FEASIBLE,122,37,24.7,22.4,21,89335,8.743,FEASIBLE,-5,-3.1,1,-1.8,18,4.0,-1,1.8,-23,-7.2,2,-3.7,0,-0.1,0,-0.1,-23,-7.1,2,-3.6
1035,12,141,37,2.72,0.1,1.71,1.23,141,10,1.509,83,45,35.2,23.7,58,56778,0.002,greedy,89,34,32.6,18.5,52,63906,0.03,greedy_2opt,88,33,31.6,17.2,53,61761,8.342,FEASIBLE,89,31,31.4,17.5,52,64915,8.352,FEASIBLE,-12,-6.5,5,-3.6,-1,-1.3,-1,-1.0,-14,-6.2,6,-3.8,-3,-1.0,0,-1.2,-11,-5.2,6,-2.6
1036,14,112,20,2.1,0.1,0.87,1.64,112,7,1.031,85,36,25.1,17.7,27,53803,0.001,greedy,89,21,19.5,12.1,23,60704,0.01,greedy_2opt,85,19,19.4,6.9,27,60043,8.378,FEASIBLE,89,19,20.3,10.9,23,61365,8.372,FEASIBLE,-17,-10.8,0,-5.7,-2,-5.2,-4,-0.1,-17,-6.8,4,-4.8,-2,-1.2,0,0.8,-15,-5.6,4,-5.6
1037,16,103,41,3.3,0.3,2.16,1.52,103,6,0.863,96,38,45.8,13.5,7,69619,0.002,greedy,97,27,43.4,9.3,6,73570,0.009,greedy_2opt,96,30,42.2,12.9,7,71636,8.471,FEASIBLE,97,27,42.8,8.9,6,73676,8.466,FEASIBLE,-8,-0.6,0,-3.6,3,3.6,-1,-1.2,-11,-4.6,1,-3.0,0,-0.4,0,-0.6,-11,-4.2,1,-2.4
1038,6,98,36,2.54,0.3,1.47,1.69,98,5,2.159,37,23,23.9,13.3,61,30924,0.001,greedy,43,21,20.6,10.4,55,37836,0.019,greedy_2opt,44,16,19.5,7.5,54,36382,8.216,FEASIBLE,45,19,18.0,9.7,53,39218,8.213,FEASIBLE,-7,-5.8,7,-4.4,-5,-2.9,1,-1.1,-4,-3.6,8,-5.9,-2,-0.7,2,-2.6,-2,-2.9,6,-3.3
1039,16,90,33,3.28,0.0,1.28,1.41,90,8,0.766,82,25,21.7,7.9,8,51333,0.001,greedy,82,14,19.7,4.9,8,54739,0.005,greedy_2opt,82,17,21.8,5.1,8,53823,8.404,FEASIBLE,82,14,19.7,4.9,8,54739,8.793,warm_start_fallback,-8,-2.8,0,0.1,3,0.2,0,2.1,-11,-3.0,0,-2.0,0,0.0,0,0.0,-11,-3.0,0,-2.0
1040,16,138,38,3.19,0.0,2.12,1.17,138,13,1.101,117,59,38.1,30.1,21,60040,0.004,greedy,118,37,35.0,20.6,20,67739,0.026,greedy_2opt,117,58,37.6,30.1,21,60318,8.996,FEASIBLE,118,37,35.0,20.6,20,67739,8.592,FEASIBLE,-1,0.0,0,-0.5,21,9.5,-1,2.6,-22,-9.5,1,-3.1,0,0.0,0,0.0,-22,-9.5,1,-3.1
1041,16,105,44,2.95,0.2,1.11,1.47,105,7,0.878,97,34,20.8,13.4,8,64043,0.002,greedy,97,23,19.3,11.0,8,67307,0.013,greedy_2opt,97,25,20.1,9.2,8,67098,8.565,FEASIBLE,97,23,19.4,9.8,8,67513,8.451,FEASIBLE,-9,-4.2,0,-0.7,2,-1.8,0,0.8,-11,-3.6,0,-1.4,0,-1.2,0,0.1,-11,-2.4,0,-1.5
1042,18,145,36,2.05,0.1,1.97,1.23,145,11,1.023,119,58,49.1,20.9,26,71493,0.002,greedy,122,32,44.5,15.2,23,80790,0.016,greedy_2opt,119,52,48.0,18.1,26,73554,8.661,FEASIBLE,122,32,44.4,15.1,23,80814,8.551,FEASIBLE,-6,-2.8,0,-1.1,20,2.9,-3,3.5,-26,-5.8,3,-4.7,0,-0.1,0,-0.1,-26,-5.7,3,-4.6
1043,9,120,20,2.49,0.0,1.56,1.71,120,7,1.772,54,34,30.9,13.5,66,32218,0.002,greedy,59,28,25.9,11.7,61,37633,0.019,greedy_2opt,57,25,21.0,7.9,63,36665,8.45,FEASIBLE,60,24,24.2,9.1,60,39214,8.304,FEASIBLE,-9,-5.6,3,-9.9,-3,-3.8,-2,-4.9,-10,-4.4,6,-6.7,-4,-2.6,1,-1.7,-6,-1.8,5,-5.0
1044,16,148,20,3.49,0.3,1.39,1.01,148,9,1.175,135,52,18.5,34.9,13,101403,0.003,greedy,136,31,15.7,24.2,12,109049,0.023,greedy_2opt,135,48,17.6,34.0,13,102629,8.503,FEASIBLE,136,29,16.3,25.7,12,109241,8.568,FEASIBLE,-4,-0.9,0,-0.9,17,9.8,-1,1.9,-23,-9.2,1,-2.2,-2,1.5,0,0.6,-21,-10.7,1,-2.8
1045,15,145,39,2.66,0.05,1.99,1.68,145,10,1.34,90,42,52.5,23.3,55,57756,0.002,greedy,92,31,49.6,18.4,53,62469,0.02,greedy_2opt,91,33,47.2,11.5,54,61552,8.437,FEASIBLE,92,30,47.5,15.7,53,63027,8.369,FEASIBLE,-9,-11.8,1,-5.3,2,-6.9,-1,-2.4,-12,-7.6,2,-5.0,-1,-2.7,0,-2.1,-11,-4.9,2,-2.9
1046,16,126,31,2.8,0.2,1.93,1.41,126,7,1.081,103,45,43.1,18.7,23,70100,0.002,greedy,105,31,39.6,14.7,21,75722,0.012,greedy_2opt,103,37,39.4,13.4,23,73266,8.426,FEASIBLE,105,30,40.2,14.6,21,75965,8.686,FEASIBLE,-8,-5.3,0,-3.7,6,-1.3,-2,-0.2,-15,-4.1,2,-2.9,-1,-0.1,0,0.6,-14,-4.0,2,-3.5
1047,6,137,35,2.17,0.0,1.69,1.41,137,7,2.986,34,23,27.2,11.8,103,25898,0.004,greedy,41,23,21.1,10.8,96,32136,0.032,greedy_2opt,44,22,22.8,9.7,93,32187,8.295,FEASIBLE,43,23,20.5,10.2,94,32886,8.238,FEASIBLE,-1,-2.1,10,-4.4,-1,-1.1,3,1.7,0,-1.6,9,-6.7,0,-0.6,2,-0.6,0,-1.0,7,-6.1
1048,18,89,41,2.6,0.0,1.83,1.56,89,6,0.59,83,19,35.0,6.2,6,49337,0.002,greedy,83,10,31.1,3.9,6,52229,0.004,greedy_2opt,83,9,32.8,1.7,6,52770,8.499,FEASIBLE,83,8,31.9,0.3,6,53328,8.456,FEASIBLE,-10,-4.5,0,-2.2,-1,-2.2,0,1.7,-11,-5.9,0,-3.1,-2,-3.6,0,0.8,-9,-2.3,0,-3.9
1049,17,84,21,3.42,0.3,0.91,1.56,84,6,0.653,78,18,12.4,7.3,6,60041,0.002,greedy,78,8,10.8,5.2,6,63021,0.006,greedy_2opt,78,12,11.9,5.5,6,61884,8.54,FEASIBLE,78,8,10.8,5.2,6,63021,8.971,FEASIBLE,-6,-1.8,0,-0.5,4,0.3,0,1.1,-10,-2.1,0,-1.6,0,0.0,0,0.0,-10,-2.1,0,-1.6
1050,10,87,42,3.44,0.05,1.09,1.24,87,5,1.122,73,30,20.8,15.8,14,45700,0.004,greedy,74,16,16.7,12.0,13,50439,0.014,greedy_2opt,73,18,18.4,11.3,14,49664,8.628,FEASIBLE,74,14,15.8,11.5,13,51082,8.344,FEASIBLE,-12,-4.5,0,-2.4,2,-0.7,-1,1.7,-16,-4.3,1,-5.0,-2,-0.5,0,-0.9,-14,-3.8,1,-4.1
1051,12,78,27,3.45,0.05,1.38,1.45,78,4,0.934,71,23,27.6,11.1,7,44296,0.001,greedy,71,13,26.8,10.4,7,46978,0.008,greedy_2opt,71,15,26.0,8.8,7,46814,8.499,FEASIBLE,71,10,26.9,7.2,7,48283,8.565,FEASIBLE,-8,-2.3,0,-1.6,2,-1.6,0,-0.8,-13,-3.9,0,-0.7,-3,-3.2,0,0.1,-10,-0.7,0,-0.8
1052,9,85,45,3.4,0.0,1.19,1.69,85,9,1.166,70,32,25.4,16.9,15,42636,0.001,greedy,71,23,21.8,12.0,14,46284,0.009,greedy_2opt,70,24,23.4,14.1,15,45252,8.344,FEASIBLE,71,22,21.9,11.9,14,46546,8.367,FEASIBLE,-8,-2.8,0,-2.0,1,2.1,-1,1.6,-10,-5.0,1,-3.5,-1,-0.1,0,0.1,-9,-4.9,1,-3.6
1053,14,126,26,1.5,0.2,1.71,1.4,126,8,1.174,91,46,44.1,22.4,35,62527,0.002,greedy,94,24,39.3,14.8,32,71782,0.025,greedy_2opt,92,26,38.9,8.6,34,71227,8.64,FEASIBLE,95,24,38.7,13.9,31,72268,8.589,FEASIBLE,-20,-13.8,1,-5.2,2,-6.2,-2,-0.4,-22,-8.5,4,-5.4,0,-0.9,1,-0.6,-22,-7.6,3,-4.8
1054,18,112,24,3.07,0.2,1.97,1.78,112,4,0.795,107,40,57.5,16.2,5,66437,0.002,greedy,107,23,52.0,8.7,5,72367,0.007,greedy_2opt,107,40,57.5,16.2,5,66437,8.761,warm_start_fallback,107,23,51.4,7.8,5,72560,9.247,FEASIBLE,0,0.0,0,0.0,17,7.5,0,5.5,-17,-8.4,0,-6.1,0,-0.9,0,-0.6,-17,-7.5,0,-5.5
1055,11,91,34,2.18,0.0,2.11,1.46,91,7,1.01,60,20,37.9,8.6,31,35274,0.002,greedy,66,14,32.1,7.7,25,40890,0.018,greedy_2opt,62,16,33.0,8.5,29,37483,8.533,FEASIBLE,66,12,31.2,7.6,25,41454,10.051,FEASIBLE,-4,-0.1,2,-4.9,2,0.8,-4,0.9,-8,-1.0,6,-6.7,-2,-0.1,0,-0.9,-6,-0.9,6,-5.8
1056,12,150,40,2.17,0.1,1.06,1.11,150,7,1.667,89,46,22.8,18.6,61,64481,0.024,greedy,91,24,20.0,14.2,59,71853,0.372,greedy_2opt,89,46,22.8,18.6,61,64481,18.319,warm_start_fallback,91,24,20.0,14.2,59,71853,19.201,FEASIBLE,0,0.0,0,0.0,22,4.4,-2,2.8,-22,-4.4,2,-2.8,0,0.0,0,0.0,-22,-4.4,2,-2.8
1057,18,119,29,3.02,0.0,1.3,1.28,119,4,0.809,111,44,21.8,14.4,8,65195,0.007,greedy,112,22,20.9,10.3,7,71789,0.023,greedy_2opt,111,41,21.2,13.8,8,66089,9.123,FEASIBLE,112,22,20.4,10.3,7,71818,8.819,FEASIBLE,-3,-0.6,0,-0.6,19,3.5,-1,0.3,-22,-4.1,1,-1.4,0,0.0,0,-0.5,-22,-4.1,1,-0.9
1058,8,115,29,1.8,0.0,1.56,1.61,115,4,1.911,47,24,32.6,10.5,68,31555,0.002,greedy,55,20,25.9,9.8,60,39390,0.02,greedy_2opt,51,19,28.2,7.7,64,34769,8.374,FEASIBLE,55,17,25.4,9.1,60,39993,8.367,FEASIBLE,-5,-2.8,4,-4.4,-1,-2.1,-4,2.3,-7,-1.4,8,-7.2,-3,-0.7,0,-0.5,-4,-0.7,8,-6.7
1059,15,140,32,1.74,0.2,2.12,1.31,140,13,1.258,87,44,46.8,18.9,53,58994,0.002,greedy,89,24,44.0,15.3,51,66306,0.016,greedy_2opt,87,39,45.2,17.6,53,60576,8.569,FEASIBLE,89,24,44.0,15.3,51,66306,8.878,warm_start_fallback,-5,-1.3,0,-1.6,15,2.3,-2,1.2,-20,-3.6,2,-2.8,0,0.0,0,0.0,-20,-3.6,2,-2.8
1060,16,102,41,2.62,0.1,1.17,1.35,102,3,0.828,97,28,25.6,13.1,5,59000,0.05,greedy,98,12,21.2,7.8,4,64520,0.121,greedy_2opt,97,26,24.7,12.3,5,59705,12.915,FEASIBLE,98,12,21.2,7.8,4,64520,13.142,warm_start_fallback,-2,-0.8,0,-0.9,14,4.5,-1,3.5,-16,-5.3,1,-4.4,0,0.0,0,0.0,-16,-5.3,1,-4.4
1061,17,76,34,1.4,0.2,0.89,1.01,76,5,0.566,71,20,12.3,3.4,5,50043,0.012,greedy,71,10,10.0,2.5,5,52843,0.033,greedy_2opt,71,20,12.3,3.4,5,50043,7.914,warm_start_fallback,71,10,10.0,2.5,5,52843,11.222,warm_start_fallback,0,0.0,0,0.0,10,0.9,0,2.3,-10,-0.9,0,-2.3,0,0.0,0,0.0,-10,-0.9,0,-2.3
1062,7,93,39,3.39,0.05,1.2,1.27,93,6,1.86,52,25,17.7,15.5,41,36096,0.001,greedy,54,15,16.3,11.7,39,40266,0.191,greedy_2opt,52,23,16.6,13.0,41,36816,9.254,FEASIBLE,55,16,15.1,11.2,38,40789,11.34,FEASIBLE,-2,-2.5,0,-1.1,8,1.3,-2,0.3,-9,-4.3,3,-2.6,1,-0.5,1,-1.2,-10,-3.8,2,-1.4
1063,11,134,45,3.29,0.1,1.47,1.4,134,13,1.628,69,33,29.4,14.6,65,53060,0.007,greedy,75,27,27.8,13.7,59,58115,0.086,greedy_2opt,70,32,30.0,13.3,64,53810,12.476,FEASIBLE,75,24,27.8,12.2,59,58835,8.532,FEASIBLE,-1,-1.3,1,0.6,5,-0.4,-5,2.2,-9,-2.4,6,-1.6,-3,-1.5,0,0.0,-6,-0.9,6,-1.6
1064,12,143,41,2.34,0.2,1.22,1.38,143,8,1.557,84,50,28.8,21.4,59,64728,0.003,greedy,91,33,25.2,18.2,52,73658,0.208,greedy_2opt,84,50,28.8,21.4,59,64728,6.375,warm_start_fallback,91,33,25.0,17.9,52,73718,13.237,FEASIBLE,0,0.0,0,0.0,17,3.2,-7,3.6,-17,-3.5,7,-3.8,0,-0.3,0,-0.2,-17,-3.2,7,-3.6
1065,16,128,41,2.17,0.0,1.58,1.27,128,11,1.065,101,41,42.2,17.3,27,59999,0.004,greedy,101,28,39.6,15.1,27,63808,0.035,greedy_2opt,101,41,42.2,17.3,27,59999,13.525,warm_start_fallback,101,28,39.6,15.1,27,63808,19.642,FEASIBLE,0,0.0,0,0.0,13,2.2,0,2.6,-13,-2.2,0,-2.6,0,0.0,0,0.0,-13,-2.2,0,-2.6
1066,15,148,23,2.47,0.0,0.91,1.07,148,10,1.273,126,55,18.1,31.5,22,70085,0.003,greedy,126,30,16.4,21.7,22,78212,0.03,greedy_2opt,126,55,18.1,31.5,22,70085,9.076,FEASIBLE,126,30,16.4,21.7,22,78212,8.816,FEASIBLE,0,0.0,0,0.0,25,9.8,0,1.7,-25,-9.8,0,-1.7,0,0.0,0,0.0,-25,-9.8,0,-1.7
1067,8,94,43,3.33,0.0,1.51,1.76,94,7,1.482,56,24,23.6,13.2,38,34901,0.003,greedy,57,15,23.3,9.5,37,38447,0.026,greedy_2opt,56,24,23.6,13.2,38,34901,8.601,warm_start_fallback,57,15,23.3,9.5,37,38447,12.714,warm_start_fallback,0,0.0,0,0.0,9,3.7,-1,0.3,-9,-3.7,1,-0.3,0,0.0,0,0.0,-9,-3.7,1,-0.3
1068,8,73,35,1.23,0.3,1.29,1.6,73,0,1.231,44,20,29.1,9.5,29,37143,0.001,greedy,51,15,27.4,8.1,22,42656,0.13,greedy_2opt,46,16,29.1,9.4,27,39356,10.411,FEASIBLE,51,15,26.8,6.5,22,42680,9.449,FEASIBLE,-4,-0.1,2,0.0,1,1.3,-5,1.7,-5,-3.0,7,-2.3,0,-1.6,0,-0.6,-5,-1.4,7,-1.7
1069,17,79,41,2.58,0.3,1.88,1.71,79,2,0.655,77,19,43.6,8.5,2,57404,0.054,greedy,77,15,40.8,6.7,2,58895,0.063,greedy_2opt,77,17,42.2,8.9,2,57911,10.049,FEASIBLE,77,9,40.3,1.0,2,61446,8.685,FEASIBLE,-2,0.4,0,-1.4,2,2.2,0,1.4,-10,-7.5,0,-3.3,-6,-5.7,0,-0.5,-4,-1.8,0,-2.8
1070,14,105,30,2.93,0.2,1.36,1.17,105,7,0.962,96,39,24.7,13.8,9,66089,0.003,greedy,97,22,22.0,11.9,8,71127,0.016,greedy_2opt,96,28,24.5,10.3,9,69475,8.48,FEASIBLE,97,21,22.2,10.5,8,71627,8.497,FEASIBLE,-11,-3.5,0,-0.2,6,-1.6,-1,2.5,-18,-3.3,1,-2.5,-1,-1.4,0,0.2,-17,-1.9,1,-2.7
1071,13,81,42,1.4,0.05,1.15,1.49,81,7,0.898,64,32,25.4,8.0,17,32240,0.001,greedy,65,18,21.2,4.6,16,37200,0.012,greedy_2opt,64,14,23.9,2.6,17,37796,8.356,FEASIBLE,66,14,24.2,3.5,15,38513,8.333,FEASIBLE,-18,-5.4,0,-1.5,-4,-2.0,-1,2.7,-18,-4.5,2,-1.2,-4,-1.1,1,3.0,-14,-3.4,1,-4.2
1072,8,148,39,3.37,0.0,0.95,1.41,148,10,2.377,66,33,18.0,21.2,82,45354,0.002,greedy,70,20,13.2,13.5,78,52687,0.07,greedy_2opt,68,26,16.2,17.4,80,48798,8.353,FEASIBLE,70,19,13.4,12.9,78,52729,8.35,FEASIBLE,-7,-3.8,2,-1.8,6,3.9,-2,3.0,-14,-8.3,4,-4.6,-1,-0.6,0,0.2,-13,-7.7,4,-4.8
1073,7,87,21,1.98,0.0,1.33,1.72,87,3,1.569,44,20,23.8,8.7,43,33401,0.001,greedy,50,16,21.1,6.9,37,38795,0.013,greedy_2opt,47,14,20.9,7.9,40,36726,8.98,FEASIBLE,50,16,21.1,6.9,37,38795,11.202,warm_start_fallback,-6,-0.8,3,-2.9,-2,1.0,-3,-0.2,-4,-1.8,6,-2.7,0,0.0,0,0.0,-4,-1.8,6,-2.7
1074,18,119,28,1.37,0.05,1.03,1.54,119,9,0.818,100,28,30.8,11.2,19,67133,0.043,greedy,102,16,28.2,9.9,17,71118,0.309,greedy_2opt,100,28,30.8,11.2,19,67133,14.527,warm_start_fallback,102,16,28.2,9.9,17,71118,8.933,FEASIBLE,0,0.0,0,0.0,12,1.3,-2,2.6,-12,-1.3,2,-2.6,0,0.0,0,0.0,-12,-1.3,2,-2.6
1075,6,114,39,1.62,0.0,1.91,1.44,114,6,2.726,34,24,24.2,10.4,80,21879,0.001,greedy,38,20,22.7,12.1,76,25367,0.015,greedy_2opt,34,24,24.2,10.4,80,21879,8.491,FEASIBLE,39,20,22.1,12.3,75,25651,12.059,FEASIBLE,0,0.0,0,0.0,4,-1.7,-4,1.5,-4,1.9,5,-2.1,0,0.2,1,-0.6,-4,1.7,4,-1.5
1076,15,99,45,2.56,0.3,1.64,1.43,99,3,0.907,89,45,39.5,18.6,10,62538,0.061,greedy,90,30,36.8,17.4,9,67259,0.38,greedy_2opt,89,45,39.5,18.6,10,62538,14.169,warm_start_fallback,90,28,37.6,15.4,9,68073,11.088,FEASIBLE,0,0.0,0,0.0,15,1.2,-1,2.7,-17,-3.2,1,-1.9,-2,-2.0,0,0.8,-15,-1.2,1,-2.7
1077,13,94,45,3.1,0.0,0.95,1.76,94,3,0.953,86,35,23.1,19.5,8,49655,0.002,greedy,87,17,20.2,12.9,7,56109,0.015,greedy_2opt,86,23,20.6,14.5,8,53698,8.434,FEASIBLE,87,17,20.1,12.0,7,56288,8.47,FEASIBLE,-12,-5.0,0,-2.5,6,1.6,-1,0.4,-18,-7.5,1,-3.0,0,-0.9,0,-0.1,-18,-6.6,1,-2.9
1078,12,97,35,2.52,0.0,0.92,1.12,97,5,1.108,78,29,17.4,14.2,19,47640,0.001,greedy,80,18,16.1,10.8,17,51700,0.015,greedy_2opt,79,14,14.6,5.0,18,53828,8.509,FEASIBLE,80,13,16.0,7.6,17,53224,8.375,FEASIBLE,-15,-9.2,1,-2.8,-4,-5.8,-1,-1.5,-16,-6.6,2,-1.4,-5,-3.2,0,-0.1,-11,-3.4,2,-1.3
1079,14,122,34,3.14,0.0,0.84,1.41,122,8,1.169,106,57,20.9,26.5,16,54721,0.004,greedy,107,29,18.8,19.1,15,63489,0.021,greedy_2opt,106,43,18.1,20.8,16,59423,8.455,FEASIBLE,107,26,18.8,18.2,15,64404,8.436,FEASIBLE,-14,-5.7,0,-2.8,14,1.7,-1,-0.7,-31,-8.3,1,-2.1,-3,-0.9,0,0.0,-28,-7.4,1,-2.1
1080,11,136,26,2.25,0.0,1.52,1.47,136,7,1.526,73,38,34.3,21.2,63,43418,0.002,greedy,78,21,28.6,12.8,58,52230,0.029,greedy_2opt,77,26,28.2,8.9,59,49908,8.381,FEASIBLE,80,21,28.2,13.2,56,52486,8.412,FEASIBLE,-12,-12.3,4,-6.1,5,-3.9,-1,-0.4,-17,-8.0,7,-6.1,0,0.4,2,-0.4,-17,-8.4,5,-5.7
1081,15,111,23,1.94,0.3,1.33,1.65,111,9,1.013,93,47,39.4,23.1,18,65436,0.001,greedy,94,25,32.5,13.6,17,73348,0.012,greedy_2opt,94,33,36.2,17.2,17,70489,8.469,FEASIBLE,94,23,34.1,13.3,17,73803,8.421,FEASIBLE,-14,-5.9,1,-3.2,8,3.6,0,3.7,-24,-9.8,1,-5.3,-2,-0.3,0,1.6,-22,-9.5,1,-6.9
1082,16,142,43,1.31,0.1,1.26,1.42,142,11,1.227,97,44,41.5,22.6,45,63740,0.002,greedy,102,31,35.4,16.2,40,70913,0.02,greedy_2opt,97,39,39.5,16.8,45,66166,8.591,FEASIBLE,102,30,35.5,16.2,40,71157,8.689,FEASIBLE,-5,-5.8,0,-2.0,8,0.6,-5,4.1,-14,-6.4,5,-6.0,-1,0.0,0,0.1,-13,-6.4,5,-6.1
1083,8,150,25,2.41,0.3,1.93,1.19,150,6,2.289,55,37,30.8,14.4,95,50216,0.001,greedy,64,29,26.1,13.8,86,60697,0.045,greedy_2opt,58,29,27.5,11.1,92,55404,8.322,FEASIBLE,66,26,24.9,12.9,84,61677,8.315,FEASIBLE,-8,-3.3,3,-3.3,0,-2.7,-6,1.4,-11,-1.5,11,-5.9,-3,-0.9,2,-1.2,-8,-0.6,9,-4.7
1084,10,116,25,3.15,0.0,1.91,1.63,116,6,1.434,71,44,37.4,21.9,45,41008,0.002,greedy,76,26,34.3,17.8,40,49434,0.045,greedy_2opt,73,32,31.1,15.5,43,45849,8.778,FEASIBLE,78,22,29.4,14.7,38,51588,8.34,FEASIBLE,-12,-6.4,2,-6.3,6,-2.3,-3,-3.2,-22,-7.2,7,-8.0,-4,-3.1,2,-4.9,-18,-4.1,5,-3.1
1085,6,108,36,2.93,0.2,1.44,1.49,108,6,2.294,42,24,18.6,15.1,66,34560,0.001,greedy,46,15,15.9,11.3,62,40664,0.029,greedy_2opt,46,17,17.1,9.6,62,38588,8.211,FEASIBLE,46,15,15.6,11.0,62,40740,8.366,FEASIBLE,-7,-5.5,4,-1.5,2,-1.7,0,1.2,-9,-4.1,4,-3.0,0,-0.3,0,-0.3,-9,-3.8,4,-2.7
1086,6,104,22,1.99,0.2,1.08,1.66,104,6,2.288,40,30,21.1,13.7,64,32870,0.001,greedy,44,19,16.9,10.4,60,39764,0.024,greedy_2opt,44,15,15.1,4.9,60,39171,8.203,FEASIBLE,46,19,16.4,9.4,58,40865,8.299,FEASIBLE,-15,-8.8,4,-6.0,-4,-5.5,0,-1.8,-11,-4.3,6,-4.7,0,-1.0,2,-0.5,-11,-3.3,4,-4.2
1087,8,99,41,1.79,0.2,1.25,1.29,99,1,1.629,56,28,24.3,13.8,43,44863,0.001,greedy,60,17,19.5,12.0,39,50918,0.017,greedy_2opt,58,22,21.9,11.3,41,47855,8.802,FEASIBLE,60,17,19.5,12.0,39,50918,11.663,warm_start_fallback,-6,-2.5,2,-2.4,5,-0.7,-2,2.4,-11,-1.8,4,-4.8,0,0.0,0,0.0,-11,-1.8,4,-4.8
1088,14,101,22,1.74,0.0,1.36,1.27,101,8,0.883,72,24,27.1,14.3,29,42291,0.001,greedy,75,21,23.7,10.1,26,46117,0.161,greedy_2opt,72,24,27.1,14.3,29,42291,14.025,warm_start_fallback,75,21,23.7,10.1,26,46117,9.049,FEASIBLE,0,0.0,0,0.0,3,4.2,-3,3.4,-3,-4.2,3,-3.4,0,0.0,0,0.0,-3,-4.2,3,-3.4
1089,18,91,32,1.7,0.1,2.03,1.26,91,3,0.66,88,22,42.3,7.4,3,57538,0.002,greedy,88,16,38.4,5.4,3,59629,0.005,greedy_2opt,88,21,42.8,5.6,3,58070,8.42,FEASIBLE,88,16,38.4,5.4,3,59629,8.725,FEASIBLE,-1,-1.8,0,0.5,5,0.2,0,4.4,-6,-2.0,0,-3.9,0,0.0,0,0.0,-6,-2.0,0,-3.9
1090,11,96,41,1.78,0.0,2.02,1.68,96,3,1.126,63,27,49.7,16.7,33,37058,0.001,greedy,68,17,42.8,10.4,28,43803,0.012,greedy_2opt,66,26,48.1,14.7,30,39266,8.316,FEASIBLE,68,17,42.8,10.4,28,43803,9.272,FEASIBLE,-1,-2.0,3,-1.6,9,4.3,-2,5.3,-10,-6.3,5,-6.9,0,0.0,0,0.0,-10,-6.3,5,-6.9
1091,14,128,24,2.06,0.3,1.01,1.58,128,9,1.193,101,44,35.1,22.6,27,77629,0.002,greedy,102,30,29.0,15.0,26,83155,0.443,greedy_2opt,101,39,34.9,22.1,27,78979,14.494,FEASIBLE,102,30,29.0,15.0,26,83155,8.447,warm_start_fallback,-5,-0.5,0,-0.2,9,7.1,-1,5.9,-14,-7.6,1,-6.1,0,0.0,0,0.0,-14,-7.6,1,-6.1
1092,15,82,38,3.47,0.05,1.28,1.77,82,3,0.72,79,27,22.0,8.1,3,46276,0.002,greedy,79,14,19.3,5.3,3,50186,0.005,greedy_2opt,79,22,25.8,6.6,3,47561,8.397,FEASIBLE,79,14,19.3,5.3,3,50186,9.134,warm_start_fallback,-5,-1.5,0,3.8,8,1.3,0,6.5,-13,-2.8,0,-2.7,0,0.0,0,0.0,-13,-2.8,0,-2.7
1093,6,72,20,3.22,0.0,1.62,1.06,72,5,1.591,44,26,15.2,14.4,28,26599,0.001,greedy,48,16,12.8,12.0,24,31775,0.717,greedy_2opt,45,20,13.0,10.1,27,29599,10.116,FEASIBLE,48,16,12.8,11.9,24,31799,9.384,FEASIBLE,-6,-4.3,1,-2.2,4,-1.9,-3,0.2,-10,-2.5,4,-2.4,0,-0.1,0,0.0,-10,-2.4,4,-2.4
1094,17,149,42,2.09,0.1,1.89,1.3,149,12,1.118,110,46,42.2,21.2,39,70945,0.043,greedy,112,29,38.4,16.0,37,77868,0.309,greedy_2opt,110,45,41.8,20.9,39,71273,13.464,FEASIBLE,112,29,38.4,16.0,37,77870,13.454,FEASIBLE,-1,-0.3,0,-0.4,16,4.9,-2,3.4,-17,-5.2,2,-3.8,0,0.0,0,0.0,-17,-5.2,2,-3.8
1095,14,115,27,2.73,0.0,1.21,1.19,115,5,1.096,103,41,28.1,23.5,12,58233,0.005,greedy,104,25,22.8,16.1,11,64176,0.026,greedy_2opt,103,39,27.9,22.0,12,59013,8.67,FEASIBLE,104,25,22.8,16.1,11,64176,8.47,FEASIBLE,-2,-1.5,0,-0.2,14,5.9,-1,5.1,-16,-7.4,1,-5.3,0,0.0,0,0.0,-16,-7.4,1,-5.3
1096,9,96,39,2.18,0.05,1.17,1.51,96,7,1.413,64,37,27.4,16.0,32,39331,0.001,greedy,67,24,23.1,10.4,29,45040,0.02,greedy_2opt,64,36,26.7,14.9,32,39816,9.816,FEASIBLE,67,24,23.1,10.4,29,45040,12.69,warm_start_fallback,-1,-1.1,0,-0.7,12,4.5,-3,3.6,-13,-5.6,3,-4.3,0,0.0,0,0.0,-13,-5.6,3,-4.3
1097,6,105,40,3.13,0.2,0.86,1.08,105,10,2.439,40,18,9.1,7.3,65,38649,0.001,greedy,41,10,8.3,5.2,64,41962,0.185,greedy_2opt,40,18,9.1,7.3,65,38649,9.673,warm_start_fallback,42,10,8.2,5.2,63,42870,10.079,FEASIBLE,0,0.0,0,0.0,8,2.1,-1,0.8,-8,-2.1,2,-0.9,0,0.0,1,-0.1,-8,-2.1,1,-0.8
1098,16,127,27,1.84,0.05,1.08,1.65,127,9,1.009,106,34,41.5,16.2,21,65295,0.004,greedy,107,25,36.1,12.0,20,68919,0.019,greedy_2opt,106,34,41.5,16.2,21,65295,8.598,FEASIBLE,107,24,35.8,11.9,20,69209,8.524,FEASIBLE,0,0.0,0,0.0,9,4.2,-1,5.4,-10,-4.3,1,-5.7,-1,-0.1,0,-0.3,-9,-4.2,1,-5.4
1099,14,109,27,1.71,0.2,1.24,1.21,109,6,1.031,88,38,32.2,10.7,21,58637,0.001,greedy,91,23,26.6,7.7,18,65667,0.011,greedy_2opt,88,34,30.3,10.6,21,59774,8.367,FEASIBLE,91,23,26.6,7.7,18,65667,8.409,FEASIBLE,-4,-0.1,0,-1.9,11,2.9,-3,3.7,-15,-3.0,3,-5.6,0,0.0,0,0.0,-15,-3.0,3,-5.6
1100,16,110,36,2.26,0.3,1.87,1.44,110,5,0.969,87,42,62.4,22.0,23,62504,0.003,greedy,92,27,54.6,17.5,18,70518,0.022,greedy_2opt,87,38,61.2,21.6,23,63631,8.719,FEASIBLE,92,27,54.6,17.5,18,70518,8.5,FEASIBLE,-4,-0.4,0,-1.2,11,4.1,-5,6.6,-15,-4.5,5,-7.8,0,0.0,0,0.0,-15,-4.5,5,-7.8
1101,10,115,29,2.48,0.2,1.6,1.56,115,9,1.57,65,43,32.4,16.8,50,48774,0.001,greedy,69,24,30.3,14.6,46,57054,0.03,greedy_2opt,67,35,28.3,13.1,48,52903,8.314,FEASIBLE,69,22,28.8,13.9,46,57774,8.38,FEASIBLE,-8,-3.7,2,-4.1,11,-1.5,-2,-2.0,-21,-2.9,4,-3.6,-2,-0.7,0,-1.5,-19,-2.2,4,-2.1
1102,18,86,40,1.41,0.0,1.0,1.75,86,6,0.574,80,19,22.1,3.8,6,49643,0.001,greedy,80,5,19.5,2.3,6,53561,0.008,greedy_2opt,80,9,22.3,1.2,6,52585,8.392,FEASIBLE,80,5,19.8,1.3,6,53723,8.319,FEASIBLE,-10,-2.6,0,0.2,4,-1.1,0,2.8,-14,-2.5,0,-2.3,0,-1.0,0,0.3,-14,-1.5,0,-2.6
1103,13,129,34,3.13,0.0,1.98,1.1,129,9,1.228,97,46,35.2,21.4,32,55134,0.002,greedy,98,27,31.9,13.4,31,62124,0.025,greedy_2opt,97,35,32.5,16.8,32,58881,8.429,FEASIBLE,99,26,31.9,13.3,30,62692,8.465,FEASIBLE,-11,-4.6,0,-2.7,8,3.4,-1,0.6,-20,-8.1,2,-3.3,-1,-0.1,1,0.0,-19,-8.0,1,-3.3
1104,10,97,43,1.62,0.2,0.92,1.13,97,3,1.303,67,33,16.4,15.4,30,45294,0.001,greedy,68,15,13.9,9.8,29,51542,0.02,greedy_2opt,69,15,15.5,8.0,28,52684,8.301,FEASIBLE,71,13,14.6,6.0,26,54192,8.325,FEASIBLE,-18,-7.4,2,-0.9,0,-1.8,1,1.6,-20,-9.4,4,-1.8,-2,-3.8,3,0.7,-18,-5.6,1,-2.5
1105,9,113,42,1.05,0.2,1.5,1.46,113,4,1.619,55,34,31.6,8.7,58,40235,0.001,greedy,60,20,27.4,9.2,53,47810,0.015,greedy_2opt,60,25,26.4,6.5,53,46492,8.239,FEASIBLE,62,20,23.7,6.6,51,49389,8.249,FEASIBLE,-9,-2.2,5,-5.2,5,-2.7,0,-1.0,-14,-2.1,7,-7.9,0,-2.6,2,-3.7,-14,0.5,5,-4.2
1106,7,135,38,3.35,0.0,1.6,1.49,135,7,2.556,43,25,25.6,13.8,92,29332,0.001,greedy,48,16,23.6,12.1,87,35013,0.03,greedy_2opt,50,16,21.7,7.5,85,35354,8.216,FEASIBLE,51,16,21.9,11.9,84,35740,8.262,FEASIBLE,-9,-6.3,7,-3.9,0,-4.6,2,-1.9,-9,-1.9,8,-3.7,0,-0.2,3,-1.7,-9,-1.7,5,-2.0
1107,12,119,27,2.39,0.3,1.76,1.01,119,6,1.38,82,41,25.1,18.6,37,62592,0.001,greedy,84,29,23.2,17.5,35,67401,0.015,greedy_2opt,83,31,23.9,16.9,36,65182,8.504,FEASIBLE,84,23,22.9,14.8,35,69110,8.388,FEASIBLE,-10,-1.7,1,-1.2,2,-0.6,-1,0.7,-18,-3.8,2,-2.2,-6,-2.7,0,-0.3,-12,-1.1,2,-1.9
1108,16,72,29,3.45,0.3,1.54,1.59,72,5,0.576,67,13,18.7,1.6,5,54451,0.002,greedy,67,10,17.8,1.6,5,55239,0.003,greedy_2opt,67,6,16.2,1.8,5,56303,8.44,FEASIBLE,67,7,16.4,0.0,5,56368,8.371,FEASIBLE,-7,0.2,0,-2.5,-4,0.2,0,-1.6,-6,-1.6,0,-2.3,-3,-1.6,0,-1.4,-3,0.0,0,-0.9
1109,11,113,28,2.64,0.1,1.21,1.35,113,12,1.338,79,32,28.7,19.9,34,46999,0.002,greedy,81,22,24.7,14.9,32,51231,0.012,greedy_2opt,79,24,24.9,11.8,34,50385,8.468,FEASIBLE,81,20,24.5,14.9,32,51750,8.438,FEASIBLE,-8,-8.1,0,-3.8,2,-3.1,-2,0.2,-12,-5.0,2,-4.2,-2,0.0,0,-0.2,-10,-5.0,2,-4.0
1110,18,85,34,1.13,0.0,1.87,1.64,85,4,0.613,76,26,46.5,13.8,9,41926,0.001,greedy,76,14,41.5,8.0,9,46275,0.004,greedy_2opt,76,15,48.2,4.7,9,46219,8.509,FEASIBLE,77,14,42.4,5.1,8,47631,8.349,FEASIBLE,-11,-9.1,0,1.7,1,-3.3,0,6.7,-12,-8.7,1,-4.1,0,-2.9,1,0.9,-12,-5.8,0,-5.0
1111,14,141,34,1.74,0.1,2.15,1.6,141,6,1.398,83,46,59.9,21.1,58,53702,0.003,greedy,86,32,56.3,17.8,55,59523,0.014,greedy_2opt,85,38,52.5,14.2,56,58291,8.422,FEASIBLE,87,29,52.9,13.1,54,60711,8.426,FEASIBLE,-8,-6.9,2,-7.4,6,-3.6,-1,-3.8,-17,-8.0,4,-7.0,-3,-4.7,1,-3.4,-14,-3.3,3,-3.6
1112,8,75,26,1.2,0.2,0.88,1.01,75,2,1.214,57,27,16.3,9.3,18,41297,0.0,greedy,58,16,12.8,4.3,17,45463,0.009,greedy_2opt,58,17,11.9,2.6,17,45572,8.145,FEASIBLE,58,13,12.6,3.6,17,46052,8.156,FEASIBLE,-10,-6.7,1,-4.4,1,-1.7,0,-0.9,-14,-5.7,1,-3.7,-3,-0.7,0,-0.2,-11,-5.0,1,-3.5
1113,11,77,44,3.36,0.2,1.17,1.01,77,3,0.884,73,27,16.1,15.3,4,48925,0.001,greedy,73,16,14.8,11.2,4,52493,0.009,greedy_2opt,73,17,15.5,9.3,4,52543,8.489,FEASIBLE,73,14,14.8,10.3,4,53162,8.295,FEASIBLE,-10,-6.0,0,-0.6,1,-1.9,0,0.7,-13,-5.0,0,-1.3,-2,-0.9,0,0.0,-11,-4.1,0,-1.3
1114,17,71,36,2.98,0.2,1.82,1.54,71,4,0.537,67,12,23.9,2.4,4,45238,0.001,greedy,67,8,21.6,1.6,4,46511,0.003,greedy_2opt,67,6,24.2,0.2,4,47114,8.323,FEASIBLE,67,6,21.2,0.0,4,47329,8.506,FEASIBLE,-6,-2.2,0,0.3,-2,-1.4,0,2.6,-6,-2.4,0,-2.7,-2,-1.6,0,-0.4,-4,-0.8,0,-2.3
1115,18,134,23,2.66,0.0,0.95,1.48,134,6,0.947,128,51,21.2,13.0,6,72439,0.003,greedy,128,29,18.9,10.4,6,78547,0.011,greedy_2opt,128,38,21.1,11.4,6,75971,8.53,FEASIBLE,128,28,18.9,10.4,6,78797,8.518,FEASIBLE,-13,-1.6,0,-0.1,9,1.0,0,2.2,-23,-2.6,0,-2.3,-1,0.0,0,0.0,-22,-2.6,0,-2.3
1116,16,113,35,1.51,0.05,1.22,1.67,113,7,0.864,80,27,39.4,10.0,33,50289,0.001,greedy,82,17,33.6,5.6,31,55125,0.013,greedy_2opt,85,18,37.4,9.3,28,54275,8.354,FEASIBLE,86,19,33.9,5.0,27,55613,8.395,FEASIBLE,-9,-0.7,5,-2.0,1,3.7,3,3.8,-8,-5.0,6,-5.5,2,-0.6,4,0.3,-10,-4.4,2,-5.8
1117,8,108,26,2.81,0.0,2.02,1.48,108,6,1.886,45,24,33.9,15.8,63,28721,0.001,greedy,50,18,28.5,11.9,58,33954,0.021,greedy_2opt,50,13,24.6,3.8,58,34792,8.292,FEASIBLE,53,15,27.4,8.5,55,35679,8.416,FEASIBLE,-11,-12.0,5,-9.3,-5,-8.1,0,-3.9,-9,-7.3,8,-6.5,-3,-3.4,3,-1.1,-6,-3.9,5,-5.4
1118,7,125,30,2.11,0.2,0.99,1.41,125,2,2.246,55,34,18.9,14.7,70,47714,0.001,greedy,61,24,15.7,13.2,64,56393,0.044,greedy_2opt,57,30,16.7,12.1,68,51118,8.397,FEASIBLE,61,24,15.3,13.0,64,56437,8.3,FEASIBLE,-4,-2.6,2,-2.2,6,-1.1,-4,1.0,-10,-1.7,6,-3.6,0,-0.2,0,-0.4,-10,-1.5,6,-3.2
1119,15,95,30,2.7,0.3,1.42,1.31,95,7,0.838,88,34,26.6,14.3,7,66220,0.002,greedy,88,17,24.4,12.1,7,71001,0.006,greedy_2opt,88,28,27.9,11.3,7,68181,8.368,FEASIBLE,88,17,24.4,12.1,7,71001,9.18,FEASIBLE,-6,-3.0,0,1.3,11,-0.8,0,3.5,-17,-2.2,0,-2.2,0,0.0,0,0.0,-17,-2.2,0,-2.2
1120,14,146,30,3.01,0.2,1.31,1.08,146,6,1.432,97,60,22.6,24.8,49,67982,0.006,greedy,100,41,18.4,17.9,46,75715,0.462,greedy_2opt,98,54,21.4,23.1,48,70158,8.676,FEASIBLE,100,41,18.4,17.9,46,75715,8.589,FEASIBLE,-6,-1.7,1,-1.2,13,5.2,-2,3.0,-19,-6.9,3,-4.2,0,0.0,0,0.0,-19,-6.9,3,-4.2
1121,15,125,31,1.16,0.3,1.73,1.11,125,6,1.055,72,37,30.4,10.6,53,55411,0.002,greedy,75,18,27.6,8.2,50,64057,0.009,greedy_2opt,76,29,30.4,10.0,49,61729,8.389,FEASIBLE,75,18,27.6,8.2,50,64057,8.488,FEASIBLE,-8,-0.6,4,0.0,11,1.8,1,2.8,-19,-2.4,3,-2.8,0,0.0,0,0.0,-19,-2.4,3,-2.8
1122,12,88,42,1.8,0.3,1.97,1.49,88,4,0.922,68,32,41.9,9.2,20,49630,0.001,greedy,71,18,36.8,6.5,17,55427,0.012,greedy_2opt,68,28,39.1,7.1,20,51173,8.308,FEASIBLE,71,18,36.8,6.5,17,55427,9.668,FEASIBLE,-4,-2.1,0,-2.8,10,0.6,-3,2.3,-14,-2.7,3,-5.1,0,0.0,0,0.0,-14,-2.7,3,-5.1
1123,13,126,30,2.56,0.05,1.17,1.79,126,11,1.252,88,45,40.2,21.8,38,53507,0.017,greedy,93,29,32.9,14.0,33,62354,0.101,greedy_2opt,91,41,38.7,20.0,35,56426,9.553,FEASIBLE,93,29,32.9,14.0,33,62354,8.384,FEASIBLE,-4,-1.8,3,-1.5,12,6.0,-2,5.8,-16,-7.8,5,-7.3,0,0.0,0,0.0,-16,-7.8,5,-7.3
1124,18,117,33,1.75,0.05,1.76,1.55,117,7,0.875,101,36,53.7,16.8,16,57648,0.002,greedy,104,23,47.1,10.8,13,63274,0.007,greedy_2opt,101,30,50.9,13.6,16,59606,8.422,FEASIBLE,104,23,47.1,10.8,13,63274,8.537,FEASIBLE,-6,-3.2,0,-2.8,7,2.8,-3,3.8,-13,-6.0,3,-6.6,0,0.0,0,0.0,-13,-6.0,3,-6.6
1125,12,89,41,1.35,0.1,1.86,1.73,89,4,0.954,55,28,49.4,13.1,34,36284,0.001,greedy,57,16,44.3,8.7,32,41271,0.009,greedy_2opt,57,22,43.8,8.6,32,40124,8.233,FEASIBLE,59,17,43.3,7.4,30,41916,8.433,FEASIBLE,-6,-4.5,2,-5.6,6,-0.1,0,-0.5,-11,-5.7,4,-6.1,1,-1.3,2,-1.0,-12,-4.4,2,-5.1
1126,8,92,37,2.69,0.3,1.52,1.76,92,3,1.455,54,36,28.8,17.6,38,42793,0.003,greedy,55,24,27.1,13.8,37,47196,0.022,greedy_2opt,56,33,27.2,15.3,36,44067,8.354,FEASIBLE,55,24,26.7,13.9,37,47201,8.372,FEASIBLE,-3,-2.3,2,-1.6,9,1.5,1,0.1,-12,-3.7,1,-2.1,0,0.1,0,-0.4,-12,-3.8,1,-1.7
1127,17,117,45,2.94,0.3,0.97,1.34,117,3,0.89,113,40,22.7,17.8,4,82643,0.002,greedy,113,22,20.1,14.8,4,87824,0.011,greedy_2opt,113,39,22.3,17.7,4,82930,8.634,FEASIBLE,113,22,19.9,14.8,4,87834,8.562,FEASIBLE,-1,-0.1,0,-0.4,17,2.9,0,2.2,-18,-3.0,0,-2.8,0,0.0,0,-0.2,-18,-3.0,0,-2.6
1128,17,129,28,2.16,0.2,1.57,1.1,129,8,0.993,113,50,27.1,18.5,16,69841,0.003,greedy,114,23,23.6,14.7,15,77796,0.022,greedy_2opt,114,46,26.4,15.8,15,71679,8.712,FEASIBLE,114,23,23.4,14.7,15,77810,8.39,FEASIBLE,-4,-2.7,1,-0.7,23,1.1,0,2.8,-27,-3.8,1,-3.7,0,0.0,0,-0.2,-27,-3.8,1,-3.5
1129,15,100,41,2.6,0.0,1.35,1.44,100,2,0.904,93,35,38.1,17.8,7,54768,0.003,greedy,94,24,33.6,11.4,6,59232,0.011,greedy_2opt,93,29,36.0,13.8,7,57109,8.499,FEASIBLE,94,23,32.8,10.6,6,59366,8.359,FEASIBLE,-6,-4.0,0,-2.1,5,2.4,-1,2.4,-12,-7.2,1,-5.3,-1,-0.8,0,-0.8,-11,-6.4,1,-4.5
1130,18,111,27,1.4,0.0,1.97,1.04,111,6,0.797,91,24,39.0,9.1,20,58719,0.001,greedy,94,15,34.1,5.0,17,63806,0.009,greedy_2opt,91,22,37.1,7.6,20,59609,8.423,FEASIBLE,94,15,34.1,5.0,17,63806,8.53,warm_start_fallback,-2,-1.5,0,-1.9,7,2.6,-3,3.0,-9,-4.1,3,-4.9,0,0.0,0,0.0,-9,-4.1,3,-4.9
1131,8,87,45,1.01,0.3,1.56,1.76,87,3,1.478,42,22,38.0,10.1,45,34494,0.001,greedy,48,19,32.9,8.2,39,40704,0.008,greedy_2opt,47,17,35.7,8.5,40,39474,8.214,FEASIBLE,49,20,33.5,9.0,38,41465,8.153,FEASIBLE,-5,-1.6,5,-2.3,-2,0.3,-1,2.8,-2,-1.1,7,-4.5,1,0.8,1,0.6,-3,-1.9,6,-5.1
1132,6,150,24,3.06,0.0,1.58,1.52,150,9,3.495,43,22,18.9,11.5,107,32396,0.001,greedy,46,17,16.6,8.5,104,36431,0.037,greedy_2opt,44,18,18.1,9.3,106,33844,8.185,FEASIBLE,47,17,16.9,8.5,103,36704,8.249,FEASIBLE,-4,-2.2,1,-0.8,1,0.8,-2,1.5,-5,-3.0,4,-2.0,0,0.0,1,0.3,-5,-3.0,3,-2.3
1133,16,135,30,2.21,0.1,1.36,1.41,135,10,1.109,105,52,33.3,15.5,30,68616,0.004,greedy,109,35,24.8,10.9,26,76009,0.038,greedy_2opt,106,46,33.0,14.9,29,70535,8.488,FEASIBLE,109,34,25.1,10.9,26,76238,8.485,FEASIBLE,-6,-0.6,1,-0.3,11,4.0,-3,8.2,-18,-4.6,4,-8.2,-1,0.0,0,0.3,-17,-4.6,4,-8.5
1134,17,109,29,2.12,0.3,1.17,1.63,109,6,0.841,94,31,33.8,10.8,15,73481,0.001,greedy,96,17,30.6,8.8,13,78431,0.006,greedy_2opt,94,26,33.2,9.3,15,75034,8.415,FEASIBLE,96,17,30.5,8.3,13,78529,8.536,FEASIBLE,-5,-1.5,0,-0.6,9,0.5,-2,2.6,-14,-2.5,2,-3.3,0,-0.5,0,-0.1,-14,-2.0,2,-3.2
1135,16,112,38,1.12,0.0,0.86,1.09,112,6,0.831,88,20,19.6,6.2,24,57509,0.002,greedy,90,12,16.1,3.9,22,61331,0.016,greedy_2opt,88,16,21.2,5.6,24,58521,8.353,FEASIBLE,90,12,16.1,3.9,22,61331,8.33,FEASIBLE,-4,-0.6,0,1.6,4,1.7,-2,5.1,-8,-2.3,2,-3.5,0,0.0,0,0.0,-8,-2.3,2,-3.5
1136,18,98,42,1.32,0.0,1.06,1.04,98,3,0.695,85,23,18.8,8.5,13,50985,0.001,greedy,86,12,16.5,6.7,12,54509,0.011,greedy_2opt,85,18,18.4,4.0,13,52782,8.602,FEASIBLE,86,12,16.1,6.7,12,54530,8.543,FEASIBLE,-5,-4.5,0,-0.4,6,-2.7,-1,1.9,-11,-1.8,1,-2.7,0,0.0,0,-0.4,-11,-1.8,1,-2.3
1137,14,115,42,2.79,0.0,1.99,1.12,115,6,1.072,93,46,44.2,18.6,22,48193,0.002,greedy,96,29,39.4,13.1,19,55233,0.013,greedy_2opt,94,42,45.0,19.7,21,49254,8.417,FEASIBLE,96,29,39.0,13.1,19,55252,8.405,FEASIBLE,-4,1.1,1,0.8,13,6.6,-2,5.6,-17,-5.5,3,-5.2,0,0.0,0,-0.4,-17,-5.5,3,-4.8
1138,10,75,40,1.24,0.05,1.05,1.62,75,5,1.026,53,19,27.4,11.6,22,30828,0.001,greedy,56,12,21.8,6.3,19,35366,0.006,greedy_2opt,54,16,23.9,8.1,21,32412,8.209,FEASIBLE,56,9,21.8,5.2,19,36313,8.224,FEASIBLE,-3,-3.5,1,-3.5,4,1.8,-2,2.1,-10,-6.4,3,-5.6,-3,-1.1,0,0.0,-7,-5.3,3,-5.6
1139,18,126,26,1.69,0.0,2.1,1.49,126,13,0.92,94,37,50.6,18.8,32,58137,0.002,greedy,99,25,41.5,13.7,27,64686,0.013,greedy_2opt,95,36,48.8,16.5,31,59204,8.584,FEASIBLE,99,25,41.5,13.7,27,64688,8.537,FEASIBLE,-1,-2.3,1,-1.8,11,2.8,-4,7.3,-12,-5.1,5,-9.1,0,0.0,0,0.0,-12,-5.1,5,-9.1
1140,10,129,35,2.14,0.2,1.39,1.11,129,6,1.616,76,39,23.7,21.1,53,60022,0.001,greedy,81,27,19.7,15.5,48,66679,0.027,greedy_2opt,78,39,23.3,19.8,51,60580,8.367,FEASIBLE,81,27,19.7,15.5,48,66679,8.383,FEASIBLE,0,-1.3,2,-0.4,12,4.3,-3,3.6,-12,-5.6,5,-4.0,0,0.0,0,0.0,-12,-5.6,5,-4.0
1141,8,105,34,1.04,0.05,1.23,1.73,105,8,1.844,51,24,30.2,12.3,54,36165,0.001,greedy,55,15,23.2,9.2,50,42394,0.013,greedy_2opt,52,15,24.6,7.3,53,40259,8.202,FEASIBLE,55,15,22.1,7.8,50,42422,8.194,FEASIBLE,-9,-5.0,1,-5.6,0,-1.9,-3,1.4,-9,-4.5,4,-8.1,0,-1.4,0,-1.1,-9,-3.1,4,-7.0
1142,8,81,22,1.28,0.2,1.98,1.65,81,3,1.551,36,22,31.2,12.1,45,24952,0.001,greedy,39,17,27.4,8.9,42,30002,0.007,greedy_2opt,40,16,23.5,6.1,41,28590,8.157,FEASIBLE,40,16,26.1,6.6,41,30749,8.155,FEASIBLE,-6,-6.0,4,-7.7,-1,-2.8,1,-3.9,-6,-5.5,4,-5.1,-1,-2.3,1,-1.3,-5,-3.2,3,-3.8
1143,8,144,33,2.32,0.0,1.72,1.09,144,7,2.455,54,28,22.9,12.1,90,38941,0.001,greedy,61,25,20.3,12.4,83,43996,0.044,greedy_2opt,56,25,21.8,10.5,88,40344,8.413,FEASIBLE,64,25,19.9,11.8,80,45020,8.393,FEASIBLE,-3,-1.6,2,-1.1,0,-1.9,-5,1.5,-3,-0.3,10,-3.0,0,-0.6,3,-0.4,-3,0.3,7,-2.6
1144,12,85,35,1.71,0.1,1.9,1.5,85,1,0.886,62,32,43.1,14.6,23,37493,0.002,greedy,65,20,37.5,9.7,20,43504,0.012,greedy_2opt,62,28,43.0,13.6,23,38671,8.291,FEASIBLE,65,20,37.1,9.8,20,43507,8.224,FEASIBLE,-4,-1.0,0,-0.1,8,3.9,-3,5.5,-12,-4.8,3,-6.0,0,0.1,0,-0.4,-12,-4.9,3,-5.6
1145,8,110,21,2.67,0.1,1.21,1.46,110,10,1.642,65,42,19.6,15.8,45,42482,0.001,greedy,68,26,17.9,12.7,42,48649,0.025,greedy_2opt,65,38,18.4,15.1,45,43683,8.359,FEASIBLE,68,26,17.6,12.7,42,48669,8.362,FEASIBLE,-4,-0.7,0,-1.2,12,2.4,-3,0.5,-16,-3.1,3,-2.0,0,0.0,0,-0.3,-16,-3.1,3,-1.7
1146,15,79,24,2.94,0.0,2.15,1.48,79,4,0.698,75,18,31.5,6.1,4,43810,0.001,greedy,75,9,28.7,4.2,4,46574,0.003,greedy_2opt,75,13,29.8,6.1,4,45173,9.499,FEASIBLE,75,9,28.7,4.2,4,46574,11.481,warm_start_fallback,-5,0.0,0,-1.7,4,1.9,0,1.1,-9,-1.9,0,-2.8,0,0.0,0,0.0,-9,-1.9,0,-2.8
1147,15,137,32,3.18,0.0,1.35,1.65,137,8,1.147,112,51,34.8,22.4,25,64530,0.006,greedy,114,29,29.4,14.5,23,72673,0.036,greedy_2opt,112,50,34.7,22.4,25,64784,8.6,FEASIBLE,114,29,29.4,14.5,23,72673,8.556,FEASIBLE,-1,0.0,0,-0.1,21,7.9,-2,5.3,-22,-7.9,2,-5.4,0,0.0,0,0.0,-22,-7.9,2,-5.4
1148,11,145,43,3.25,0.2,1.97,1.8,145,7,1.702,70,41,45.6,18.9,75,53219,0.002,greedy,78,33,41.1,16.3,67,60152,0.04,greedy_2opt,74,36,40.6,15.1,71,57255,8.574,FEASIBLE,79,33,41.4,16.3,66,60735,8.393,FEASIBLE,-5,-3.8,4,-5.0,3,-1.2,-4,-0.5,-8,-2.6,9,-4.2,0,0.0,1,0.3,-8,-2.6,8,-4.5
1149,18,114,22,3.22,0.0,1.48,1.49,114,3,0.847,111,33,36.5,17.5,3,61702,0.003,greedy,111,21,29.9,10.4,3,66384,0.009,greedy_2opt,111,31,35.8,17.5,3,62248,8.474,FEASIBLE,111,21,29.9,10.4,3,66384,8.457,FEASIBLE,-2,0.0,0,-0.7,10,7.1,0,5.9,-12,-7.1,0,-6.6,0,0.0,0,0.0,-12,-7.1,0,-6.6
1150,15,74,24,1.1,0.05,0.84,1.1,74,3,0.661,71,18,13.2,6.4,3,44564,0.001,greedy,71,7,11.7,4.7,3,47705,0.004,greedy_2opt,71,10,14.8,3.5,3,46980,8.279,FEASIBLE,71,6,13.6,2.5,3,48225,8.373,FEASIBLE,-8,-2.9,0,1.6,3,-1.2,0,3.1,-12,-3.9,0,0.4,-1,-2.2,0,1.9,-11,-1.7,0,-1.5
1151,6,123,35,1.92,0.3,1.35,1.29,123,9,2.608,40,30,19.1,13.8,83,35962,0.001,greedy,45,22,14.8,9.6,78,43480,0.019,greedy_2opt,43,27,17.3,13.6,80,39262,8.175,FEASIBLE,45,22,14.8,9.6,78,43480,8.228,FEASIBLE,-3,-0.2,3,-1.8,5,4.0,-2,2.5,-8,-4.2,5,-4.3,0,0.0,0,0.0,-8,-4.2,5,-4.3
1152,17,83,39,2.04,0.3,2.08,1.39,83,3,0.647,80,27,36.2,4.5,3,57773,0.001,greedy,80,16,35.2,5.2,3,60454,0.004,greedy_2opt,80,27,36.2,4.5,3,57773,8.344,FEASIBLE,80,16,34.7,4.5,3,60610,8.363,FEASIBLE,0,0.0,0,0.0,11,-0.7,0,1.0,-11,0.0,0,-1.5,0,-0.7,0,-0.5,-11,0.7,0,-1.0
1153,9,128,33,1.09,0.3,2.07,1.05,128,3,1.942,59,39,31.2,15.1,69,50454,0.001,greedy,64,24,25.5,12.6,64,58895,0.02,greedy_2opt,60,34,29.0,13.3,68,53372,8.245,FEASIBLE,66,25,25.1,12.6,62,59874,8.225,FEASIBLE,-5,-1.8,1,-2.2,10,0.7,-4,3.5,-14,-2.5,7,-6.1,1,0.0,2,-0.4,-15,-2.5,5,-5.7
1154,17,123,29,1.64,0.3,0.98,1.21,123,8,0.917,112,54,23.4,22.6,11,78521,0.002,greedy,113,33,20.8,16.7,10,85290,0.017,greedy_2opt,112,48,24.1,21.4,11,80196,8.558,FEASIBLE,113,33,20.8,16.7,10,85290,8.49,FEASIBLE,-6,-1.2,0,0.7,15,4.7,-1,3.3,-21,-5.9,1,-2.6,0,0.0,0,0.0,-21,-5.9,1,-2.6
1155,14,98,39,1.04,0.1,1.36,1.3,98,8,0.93,77,35,41.3,13.4,21,49051,0.001,greedy,82,20,33.7,11.0,16,56402,0.008,greedy_2opt,79,20,38.5,11.0,19,54310,8.238,FEASIBLE,82,19,34.5,11.0,16,56606,8.28,FEASIBLE,-15,-2.4,2,-2.8,0,0.0,-3,4.8,-16,-2.4,5,-6.8,-1,0.0,0,0.8,-15,-2.4,5,-7.6
1156,17,82,31,2.32,0.1,1.14,1.45,82,4,0.553,70,23,19.2,8.2,12,45913,0.001,greedy,71,11,17.5,6.6,11,49905,0.008,greedy_2opt,71,18,19.2,7.8,11,46945,8.385,FEASIBLE,71,11,17.5,6.6,11,49905,8.465,FEASIBLE,-5,-0.4,1,0.0,7,1.2,0,1.7,-12,-1.6,1,-1.7,0,0.0,0,0.0,-12,-1.6,1,-1.7
1157,18,104,22,1.3,0.3,1.04,1.4,104,7,0.694,89,36,27.8,12.2,15,71440,0.001,greedy,90,21,24.4,7.2,14,76900,0.01,greedy_2opt,89,33,27.4,9.4,15,72713,8.344,FEASIBLE,90,21,24.4,7.2,14,76900,8.53,warm_start_fallback,-3,-2.8,0,-0.4,12,2.2,-1,3.0,-15,-5.0,1,-3.4,0,0.0,0,0.0,-15,-5.0,1,-3.4
1158,13,117,41,1.28,0.0,2.05,1.3,117,6,1.209,70,26,38.2,14.9,47,41917,0.002,greedy,73,20,36.0,10.0,44,45937,0.023,greedy_2opt,70,23,39.1,13.3,47,42918,8.387,FEASIBLE,75,19,36.1,10.3,42,46725,8.883,FEASIBLE,-3,-1.6,0,0.9,3,3.3,-3,3.1,-7,-4.6,5,-2.1,-1,0.3,2,0.1,-6,-4.9,3,-2.2
1159,15,97,25,2.97,0.05,2.19,1.63,97,4,0.838,91,46,58.8,19.2,6,44815,0.056,greedy,92,26,52.8,13.1,5,51572,0.095,greedy_2opt,91,46,58.8,19.2,6,44815,16.328,warm_start_fallback,92,26,52.8,13.1,5,51572,12.306,warm_start_fallback,0,0.0,0,0.0,20,6.1,-1,6.0,-20,-6.1,1,-6.0,0,0.0,0,0.0,-20,-6.1,1,-6.0
1160,6,94,24,2.9,0.0,1.55,1.68,94,2,2.024,35,20,21.6,9.7,59,24961,0.001,greedy,41,15,19.4,7.8,53,30879,0.156,greedy_2opt,41,14,15.4,8.7,53,30021,8.924,FEASIBLE,44,14,16.8,7.8,50,32187,8.296,FEASIBLE,-6,-1.0,6,-6.2,-1,0.9,0,-4.0,-6,-1.9,9,-4.8,-1,0.0,3,-2.6,-5,-1.9,6,-2.2
1161,18,139,32,3.26,0.0,1.13,1.53,139,10,1.039,121,46,24.8,20.9,18,69352,0.003,greedy,122,28,23.6,17.5,17,74832,0.02,greedy_2opt,121,38,25.4,18.6,18,71729,8.668,FEASIBLE,122,28,23.4,17.5,17,74847,8.723,FEASIBLE,-8,-2.3,0,0.6,10,1.1,-1,1.8,-18,-3.4,1,-1.4,0,0.0,0,-0.2,-18,-3.4,1,-1.2
1162,14,132,32,1.35,0.05,1.12,1.12,132,5,1.224,95,38,31.0,22.3,37,56933,0.002,greedy,99,25,24.8,17.0,33,63905,0.035,greedy_2opt,96,32,28.7,19.5,36,58772,8.831,FEASIBLE,99,25,24.3,16.5,33,64025,8.374,FEASIBLE,-6,-2.8,1,-2.3,7,2.5,-3,3.9,-13,-5.8,4,-6.7,0,-0.5,0,-0.5,-13,-5.3,4,-6.2
1163,15,97,27,2.98,0.05,1.63,1.35,97,9,0.86,83,33,29.6,10.5,14,46879,0.002,greedy,84,19,29.1,9.0,13,50987,0.009,greedy_2opt,83,26,32.0,9.2,14,48722,8.401,FEASIBLE,84,18,28.8,6.8,13,51649,8.604,FEASIBLE,-7,-1.3,0,2.4,7,0.2,-1,2.9,-15,-3.7,1,-0.8,-1,-2.2,0,-0.3,-14,-1.5,1,-0.5
1164,6,96,37,1.26,0.05,2.06,1.23,96,2,2.183,33,19,24.2,10.0,63,18694,0.001,greedy,34,10,20.4,6.2,62,22763,0.015,greedy_2opt,33,12,20.2,6.8,63,21858,8.32,FEASIBLE,35,7,17.7,4.7,61,24243,8.202,FEASIBLE,-7,-3.2,0,-4.0,2,0.6,-1,-0.2,-12,-5.3,2,-6.5,-3,-1.5,1,-2.7,-9,-3.8,1,-3.8
1165,6,79,26,1.27,0.0,1.88,1.41,79,9,1.688,34,19,21.5,8.9,45,20865,0.001,greedy,38,18,20.6,6.8,41,24531,0.017,greedy_2opt,36,15,18.7,3.8,43,23843,8.17,FEASIBLE,38,16,20.7,6.2,41,25140,8.149,FEASIBLE,-4,-5.1,2,-2.8,-3,-3.0,-2,-1.9,-3,-2.7,4,-0.8,-2,-0.6,0,0.1,-1,-2.1,4,-0.9
1166,7,144,31,1.77,0.2,2.05,1.17,144,10,2.521,39,23,29.3,11.4,105,33339,0.001,greedy,48,19,24.1,11.8,96,42374,0.036,greedy_2opt,44,18,25.5,8.6,100,36820,8.338,FEASIBLE,51,19,23.8,11.7,93,43011,8.444,FEASIBLE,-5,-2.8,5,-3.8,-1,-3.2,-4,1.4,-4,0.3,12,-5.5,0,-0.1,3,-0.3,-4,0.4,9,-5.2
1167,12,90,40,2.5,0.1,1.23,1.15,90,7,1.086,69,27,23.2,14.1,21,45118,0.001,greedy,70,18,21.4,11.7,20,48808,0.008,greedy_2opt,70,23,21.9,9.9,20,47557,8.404,FEASIBLE,71,16,20.9,10.8,19,49509,8.348,FEASIBLE,-4,-4.2,1,-1.3,5,-1.8,0,0.5,-11,-3.3,2,-2.3,-2,-0.9,1,-0.5,-9,-2.4,1,-1.8
1168,8,130,43,1.22,0.3,1.78,1.67,130,10,2.085,52,32,34.7,12.6,78,43142,0.001,greedy,57,19,32.8,11.3,73,51251,0.012,greedy_2opt,54,24,33.5,10.8,76,46136,8.234,FEASIBLE,57,18,32.0,10.3,73,51726,8.229,FEASIBLE,-8,-1.8,2,-1.2,5,-0.5,-3,0.7,-14,-2.3,5,-2.7,-1,-1.0,0,-0.8,-13,-1.3,5,-1.9
1169,10,78,25,1.97,0.3,1.31,1.32,78,3,0.97,60,20,24.4,10.6,18,48928,0.001,greedy,62,13,20.7,6.6,16,52819,0.006,greedy_2opt,61,16,22.8,8.0,17,50791,8.285,FEASIBLE,62,13,20.4,6.1,16,52926,8.268,FEASIBLE,-4,-2.6,1,-1.6,3,1.4,-1,2.1,-7,-4.5,2,-4.0,0,-0.5,0,-0.3,-7,-4.0,2,-3.7
1170,6,126,28,1.98,0.2,1.73,1.5,126,7,2.647,39,19,22.8,10.0,87,35581,0.001,greedy,45,16,19.4,8.6,81,41888,0.023,greedy_2opt,43,18,20.6,10.6,83,38248,8.208,FEASIBLE,47,16,18.6,8.6,79,42838,8.256,FEASIBLE,-1,0.6,4,-2.2,2,2.0,-2,1.2,-3,-1.4,8,-4.2,0,0.0,2,-0.8,-3,-1.4,6,-3.4
1171,18,145,26,2.46,0.3,1.17,1.36,145,10,1.025,115,50,24.1,17.1,30,92174,0.003,greedy,119,29,21.8,13.0,26,100402,0.016,greedy_2opt,116,47,24.3,16.9,29,93552,8.505,FEASIBLE,119,29,21.6,13.0,26,100413,8.416,FEASIBLE,-3,-0.2,1,0.2,18,3.9,-3,2.5,-21,-4.1,4,-2.5,0,0.0,0,-0.2,-21,-4.1,4,-2.3
1172,9,112,44,2.48,0.1,1.14,1.33,112,4,1.522,68,38,20.5,17.9,44,46042,0.001,greedy,71,22,18.1,13.2,41,52537,0.022,greedy_2opt,68,32,19.4,15.8,44,48283,8.279,FEASIBLE,71,22,18.1,13.2,41,52537,7.06,warm_start_fallback,-6,-2.1,0,-1.1,10,2.6,-3,1.3,-16,-4.7,3,-2.4,0,0.0,0,0.0,-16,-4.7,3,-2.4
1173,11,105,34,2.06,0.0,1.51,1.22,105,5,1.279,72,28,29.5,10.6,33,47221,0.001,greedy,74,16,28.6,10.2,31,50949,0.275,greedy_2opt,72,26,27.8,9.0,33,48115,11.193,FEASIBLE,74,16,27.9,10.2,31,50991,8.31,FEASIBLE,-2,-1.6,0,-1.7,10,-1.2,-2,-0.8,-12,-0.4,2,-1.6,0,0.0,0,-0.7,-12,-0.4,2,-0.9
1174,12,86,32,1.69,0.2,1.15,1.64,86,5,0.889,71,27,27.5,11.9,15,47065,0.001,greedy,72,16,23.6,9.8,14,50718,0.006,greedy_2opt,71,16,28.0,4.1,15,51174,8.282,FEASIBLE,72,14,25.7,7.3,14,51836,8.272,FEASIBLE,-11,-7.8,0,0.5,0,-5.7,-1,4.4,-13,-4.6,1,-1.8,-2,-2.5,0,2.1,-11,-2.1,1,-3.9
1175,13,78,42,1.14,0.1,1.35,1.34,78,4,0.781,68,19,34.0,7.2,10,44705,0.001,greedy,70,9,27.6,3.1,8,48936,0.003,greedy_2opt,68,7,28.5,4.1,10,48595,8.173,FEASIBLE,70,8,25.5,2.9,8,49346,8.26,FEASIBLE,-12,-3.1,0,-5.5,-2,1.0,-2,0.9,-11,-4.3,2,-8.5,-1,-0.2,0,-2.1,-10,-4.1,2,-6.4
1176,15,112,43,2.41,0.1,2.03,1.32,112,6,1.056,92,46,43.6,22.0,20,50620,0.002,greedy,92,26,39.6,18.2,20,56539,0.021,greedy_2opt,92,43,42.6,21.2,20,51569,8.407,FEASIBLE,92,26,39.6,17.5,20,56677,8.446,FEASIBLE,-3,-0.8,0,-1.0,17,3.0,0,3.0,-20,-4.5,0,-4.0,0,-0.7,0,0.0,-20,-3.8,0,-4.0
1177,18,139,33,2.72,0.0,1.94,1.49,139,13,0.958,114,42,55.8,17.4,25,66728,0.002,greedy,120,26,50.1,15.8,19,73151,0.012,greedy_2opt,114,42,55.8,16.9,25,66818,8.447,FEASIBLE,120,26,49.9,15.8,19,73163,8.494,FEASIBLE,0,-0.5,0,0.0,16,1.1,-6,5.7,-16,-1.6,6,-5.9,0,0.0,0,-0.2,-16,-1.6,6,-5.7
1178,17,114,21,3.13,0.05,1.22,1.46,114,10,0.847,104,33,22.3,15.5,10,59623,0.002,greedy,104,16,20.2,8.4,10,65270,0.006,greedy_2opt,104,33,22.3,15.5,10,59623,9.721,FEASIBLE,104,16,20.0,8.4,10,65280,12.276,FEASIBLE,0,0.0,0,0.0,17,7.1,0,2.1,-17,-7.1,0,-2.3,0,0.0,0,-0.2,-17,-7.1,0,-2.1
1179,14,98,38,1.92,0.1,1.31,1.54,98,6,0.825,81,29,30.0,9.4,17,52552,0.001,greedy,82,17,24.0,6.7,16,57010,0.01,greedy_2opt,81,25,29.6,9.4,17,53579,8.333,FEASIBLE,82,16,24.6,6.2,16,57305,8.406,FEASIBLE,-4,0.0,0,-0.4,8,2.7,-1,5.6,-13,-3.2,1,-5.4,-1,-0.5,0,0.6,-12,-2.7,1,-6.0
1180,6,70,37,1.39,0.0,1.5,1.78,70,6,1.549,32,16,29.3,7.1,38,17563,0.0,greedy,36,9,23.8,5.8,34,22579,0.006,greedy_2opt,36,7,21.9,4.1,34,23204,8.105,FEASIBLE,38,8,23.0,4.2,32,23772,8.538,FEASIBLE,-9,-3.0,4,-7.4,-2,-1.7,0,-1.9,-8,-2.9,6,-6.3,-1,-1.6,2,-0.8,-7,-1.3,4,-5.5
1181,9,90,41,2.66,0.0,1.67,1.71,90,5,1.296,53,27,33.8,10.5,37,33126,0.001,greedy,58,18,31.1,7.9,32,39016,0.038,greedy_2opt,55,21,31.0,9.8,35,36119,8.54,FEASIBLE,58,18,31.1,7.9,32,39018,8.353,FEASIBLE,-6,-0.7,2,-2.8,3,1.9,-3,-0.1,-9,-2.6,5,-2.7,0,0.0,0,0.0,-9,-2.6,5,-2.7
1182,14,83,22,1.94,0.0,0.92,1.34,83,7,0.775,76,22,17.6,6.0,7,45763,0.001,greedy,76,16,16.7,4.8,7,47533,0.008,greedy_2opt,76,17,17.4,5.2,7,47163,8.379,FEASIBLE,76,15,17.0,4.0,7,47914,8.331,FEASIBLE,-5,-0.8,0,-0.2,1,0.4,0,0.7,-7,-2.0,0,-0.6,-1,-0.8,0,0.3,-6,-1.2,0,-0.9
1183,10,146,23,3.04,0.1,0.93,1.22,146,6,1.884,78,39,15.8,18.8,68,60317,0.002,greedy,81,23,12.4,14.6,65,67078,0.029,greedy_2opt,79,33,16.1,18.4,67,62179,8.315,FEASIBLE,81,23,12.4,14.6,65,67078,8.368,FEASIBLE,-6,-0.4,1,0.3,10,3.8,-2,3.7,-16,-4.2,3,-3.4,0,0.0,0,0.0,-16,-4.2,3,-3.4
1184,7,138,23,3.39,0.3,1.47,1.23,138,9,2.471,57,37,15.8,15.4,81,53025,0.001,greedy,60,26,13.4,12.8,78,58798,0.035,greedy_2opt,59,35,15.5,14.9,79,53931,8.262,FEASIBLE,61,27,13.6,12.8,77,58840,8.3,FEASIBLE,-2,-0.5,2,-0.3,9,2.1,-1,2.1,-10,-2.6,4,-2.2,1,0.0,1,0.2,-11,-2.6,3,-2.4
1185,7,125,32,1.37,0.2,1.66,1.57,125,8,2.302,43,32,34.6,13.7,82,31854,0.001,greedy,53,26,27.2,10.0,72,41967,0.018,greedy_2opt,48,25,28.6,8.9,77,38124,8.234,FEASIBLE,53,25,26.4,10.0,72,42269,8.439,FEASIBLE,-7,-4.8,5,-6.0,-1,-1.1,-5,1.4,-7,-3.7,10,-8.2,-1,0.0,0,-0.8,-6,-3.7,10,-7.4
1186,16,91,33,1.75,0.1,1.92,1.47,91,7,0.772,77,37,51.8,13.4,14,45231,0.001,greedy,79,17,43.9,7.0,12,52759,0.006,greedy_2opt,77,26,49.5,10.5,14,48938,8.41,FEASIBLE,79,17,43.9,7.0,12,52759,8.435,FEASIBLE,-11,-2.9,0,-2.3,9,3.5,-2,5.6,-20,-6.4,2,-7.9,0,0.0,0,0.0,-20,-6.4,2,-7.9
1187,13,95,33,2.97,0.05,2.18,1.53,95,5,0.953,81,30,40.0,16.2,14,52283,0.001,greedy,82,15,38.0,12.0,13,57510,0.007,greedy_2opt,81,26,39.8,14.1,14,53678,8.368,FEASIBLE,82,14,39.0,10.8,13,57912,8.364,FEASIBLE,-4,-2.1,0,-0.2,11,2.1,-1,1.8,-16,-5.4,1,-1.0,-1,-1.2,0,1.0,-15,-4.2,1,-2.0
1188,18,144,34,1.17,0.1,1.23,1.11,144,10,1.033,103,44,31.1,14.2,41,71283,0.001,greedy,106,27,26.6,11.8,38,78033,0.019,greedy_2opt,103,41,31.1,13.4,41,72165,8.449,FEASIBLE,106,27,26.5,11.8,38,78038,8.516,FEASIBLE,-3,-0.8,0,0.0,14,1.6,-3,4.5,-17,-2.4,3,-4.6,0,0.0,0,-0.1,-17,-2.4,3,-4.5
1189,17,106,27,1.55,0.0,0.89,1.4,106,5,0.789,95,30,21.1,7.9,11,54009,0.001,greedy,95,13,17.8,6.1,11,58791,0.007,greedy_2opt,95,25,20.8,5.8,11,55654,8.38,FEASIBLE,95,13,17.8,6.1,11,58791,8.39,FEASIBLE,-5,-2.1,0,-0.3,12,-0.3,0,3.0,-17,-1.8,0,-3.3,0,0.0,0,0.0,-17,-1.8,0,-3.3
1190,12,146,26,2.69,0.2,1.01,1.77,146,3,1.514,96,58,29.8,27.1,50,72435,0.002,greedy,104,36,24.9,21.5,42,84038,0.091,greedy_2opt,97,54,29.6,26.7,49,73823,8.426,FEASIBLE,104,36,24.6,21.5,42,84054,8.421,FEASIBLE,-4,-0.4,1,-0.2,18,5.2,-7,4.7,-22,-5.6,8,-5.2,0,0.0,0,-0.3,-22,-5.6,8,-4.9
1191,15,116,28,3.2,0.2,1.33,1.17,116,9,0.964,107,44,21.9,13.4,9,72280,0.002,greedy,107,25,20.7,11.4,9,77457,0.01,greedy_2opt,107,43,22.1,13.4,9,72520,8.514,FEASIBLE,107,25,20.7,11.4,9,77457,8.41,FEASIBLE,-1,0.0,0,0.2,18,2.0,0,1.4,-19,-2.0,0,-1.2,0,0.0,0,0.0,-19,-2.0,0,-1.2
1192,9,134,45,1.26,0.2,0.98,1.08,134,10,1.894,72,31,17.2,17.7,62,50426,0.001,greedy,76,17,12.6,9.9,58,58021,0.017,greedy_2opt,73,24,15.1,13.1,61,53131,8.31,FEASIBLE,76,17,12.5,9.9,58,58024,8.317,FEASIBLE,-7,-4.6,1,-2.1,7,3.2,-3,2.5,-14,-7.8,4,-4.7,0,0.0,0,-0.1,-14,-7.8,4,-4.6
1193,18,72,27,3.39,0.3,0.98,1.38,72,7,0.482,65,12,7.9,5.8,7,50674,0.001,greedy,65,8,7.2,4.5,7,51962,0.003,greedy_2opt,65,3,8.9,1.5,7,53648,8.588,FEASIBLE,65,4,9.8,1.7,7,53302,8.573,FEASIBLE,-9,-4.3,0,1.0,-5,-3.0,0,1.7,-8,-4.1,0,1.9,-4,-2.8,0,2.6,-4,-1.3,0,-0.7
1194,18,89,27,2.69,0.0,1.85,1.66,89,1,0.636,88,29,36.0,7.5,1,49233,0.002,greedy,88,13,30.2,6.2,1,53828,0.005,greedy_2opt,88,20,32.5,3.6,1,52407,9.306,FEASIBLE,88,9,30.2,3.4,1,55335,12.775,FEASIBLE,-9,-3.9,0,-3.5,7,-2.6,0,2.3,-20,-4.1,0,-5.8,-4,-2.8,0,0.0,-16,-1.3,0,-5.8
1195,7,147,45,3.19,0.2,2.11,1.24,147,6,2.667,41,26,25.9,9.1,106,38320,0.001,greedy,48,21,24.1,8.4,99,46385,0.041,greedy_2opt,44,22,21.3,4.8,103,41557,8.249,FEASIBLE,48,20,23.7,7.0,99,46617,8.231,FEASIBLE,-4,-4.3,3,-4.6,1,-3.6,-4,-2.8,-6,-2.1,7,-2.2,-1,-1.4,0,-0.4,-5,-0.7,7,-1.8
1196,16,112,36,2.59,0.1,2.12,1.44,112,10,0.98,94,36,46.3,17.6,18,56152,0.002,greedy,95,23,45.2,10.6,17,61039,0.008,greedy_2opt,94,31,45.2,17.6,18,57474,8.413,FEASIBLE,95,23,45.2,10.6,17,61039,8.394,FEASIBLE,-5,0.0,0,-1.1,8,7.0,-1,0.0,-13,-7.0,1,-1.1,0,0.0,0,0.0,-13,-7.0,1,-1.1
1197,14,111,21,1.54,0.0,1.47,1.17,111,6,1.035,76,26,27.2,11.2,35,40850,0.001,greedy,79,18,22.9,10.0,32,45122,0.007,greedy_2opt,78,19,23.5,3.6,33,45089,8.545,FEASIBLE,80,17,23.1,10.0,31,45664,8.329,FEASIBLE,-7,-7.6,2,-3.7,1,-6.4,-1,0.6,-9,-1.2,4,-4.1,-1,0.0,1,0.2,-8,-1.2,3,-4.3
1198,17,116,27,2.15,0.3,0.91,1.59,116,6,0.93,106,33,28.6,18.3,10,78236,0.002,greedy,108,15,25.2,14.9,8,84747,0.011,greedy_2opt,106,31,27.3,16.1,10,79210,8.44,FEASIBLE,108,16,25.5,13.1,8,84819,8.474,FEASIBLE,-2,-2.2,0,-1.3,16,1.2,-2,2.1,-17,-5.2,2,-3.1,1,-1.8,0,0.3,-18,-3.4,2,-3.4
1199,11,132,44,1.46,0.0,2.11,1.21,132,11,1.461,69,34,44.2,13.7,63,45184,0.001,greedy,77,24,39.1,11.6,55,53168,0.017,greedy_2opt,70,33,42.1,11.5,62,46258,9.442,FEASIBLE,77,24,38.9,11.3,55,53225,10.269,FEASIBLE,-1,-2.2,1,-2.1,9,-0.1,-7,3.0,-10,-2.4,8,-5.3,0,-0.3,0,-0.2,-10,-2.1,8,-5.1
